qid,gender,citizenship,occupation,cause_of_death
Q112048,male,Russia|Soviet Union,film screenwriter|film actor|theatre director|film director|stage actor|actor,traffic collision
Q1051041,female,Indonesia|Dutch East Indies,women's rights activist|novelist|writer,traffic collision
Q1065817,male,United States,novelist|journalist|writer|screenwriter,Alzheimer's disease
Q115601844,male,Kenya,marathon runner|athletics competitor|long-distance runner|athlete,traffic collision
Q104859,male,United States,autobiographer|test pilot|airman|military officer|entrepreneur|actor|astronaut,cancer
Q1126725,male,United States,auctioneer|journalist|politician,stroke
Q11109,male,United States,naval officer|jurist|lawyer|judge,stroke
Q1067812,male,United States,drummer|musician|songwriter,myocardial infarction
Q1139993,male,United States,professional wrestler|actor,myocardial infarction
Q10391249,male,Brazil,association football coach|association football player,myocardial infarction
Q11156,male,United States,jurist|professor|lawyer|judge,myocardial infarction
Q1155646,female,Japan,television writer|comics creator|essayist|comics writer|lyricist|mangaka|writer,breast cancer
Q111588744,female,Soviet Union|Ukraine,embroiderer|painter|fashion designer,famine
Q1179411,male,United Kingdom,autobiographer|journalist|association football coach|association football player,dementia
Q11132,female,United States,jurist|politician|lawyer|judge,dementia|respiratory disease
Q108941,female,United States,television actor|film actor|novelist|film producer|voice actor|script doctor|stage actor|playwright|singer|writer|screenwriter|spokesperson|actor,myocardial infarction
Q113898,male,Germany,sport cyclist|athlete,myocardial infarction
Q1041211,male,Italy,dub actor|film actor|television actor|film producer|stage actor|actor,myocardial infarction
Q1046993,male,Hungary,director|film director|actor|screenwriter,myocardial infarction
Q1097113,male,France,film actor|television actor|stage actor|playwright|actor|screenwriter,cancer
Q1101521,male,France,presenter|literary critic|journalist|television presenter|writer,cancer
Q1109236,male,Norway,speed skater|sport cyclist,cancer
Q1140491,male,Mexico,association football coach|association football player,cancer
Q10707,male,Zimbabwe,politician,cancer
Q1113992,female,Italy|Kingdom of Italy,trade unionist|partisan|politician|writer|teacher,Parkinson's disease
Q1181089,male,United States,television actor|film actor|voice actor|stage actor|musician|singer|actor,Parkinson's disease
Q110628,male,United States,television actor|film actor|stage actor|actor,disease
Q114063,male,Italy|Kingdom of Italy,film editor|production designer|film director|director|scenographer|film producer|television director|cinematographer|screenwriter|writer,disease
Q111317677,male,Soviet Union|Ukraine,public figure,conflagration
Q1174641,male,United States,philanthropist|political activist|chemical engineer|chemist|merchant|politician|entrepreneur|businessperson|engineer,prostate cancer
Q104372,female,United States,recording artist|film actor|television actor|musician|singer|politician|actor,pneumonia
Q105480,male,Zambia,freedom fighter|head of government|politician|teacher,pneumonia
Q107667,male,United States,military aviator|autobiographer|naval officer|military flight engineer|test pilot|astronaut,pneumonia
Q116650,male,Argentina,association football player,pneumonia
Q1006152,male,Italy,presenter|director|film director|television presenter|engineer|actor|screenwriter|writer,pneumonia
Q110374,male,United States,television actor|film actor|film producer|film director|screenwriter|actor,stroke
Q1177587,male,Romania,film actor|stage actor|politician|writer|actor,colorectal cancer
Q1101643,male,United States,laborer|bouncer|film actor|television actor|songwriter|extra|military officer|singer|sailor|military personnel|actor,heart failure
Q1138600,male,United States,rapper|musician|songwriter|record producer|singer,heart failure
Q1142513,male,Russia|Soviet Union,presenter|manufacturer|theatre director|film producer|film director|music video director|journalist|television presenter|television producer|screenwriter|actor,heart failure
Q11239,male,United States,commissioned armed forces officers|autobiographer|philanthropist|art collector|soldier|entomologist|financier|banker|statesperson|entrepreneur|businessperson|writer,heart failure
Q111980,male,Thailand,politician|businessperson,asthma
Q10296530,male,India,television actor|dancer|film actor|model|actor,asphyxia
Q1131535,male,United States,baseball player|basketball player,pancreatic cancer
Q1156266,female,United Kingdom,non-fiction writer|university teacher|geographer|economist,pancreatic cancer
Q11116,female,United States,Member of the Constitutional Court of Austria|jurist|lawyer|judge,pancreatic cancer
Q1041634,female,Italy|Kingdom of Italy,film actor|stage actor|journalist|television presenter,leukemia
Q11490,trans woman,United States,electrical engineer|university teacher|inventor|computer scientist,heart disease
Q1010436,male,Italy,film producer|film director|screenwriter,melanoma
Q11488414,male,Japan,journalist|war correspondent|writer,decapitation
Q102395,male,United States,biochemist|university teacher|chemist,respiratory failure
Q106685,male,Poland,theatre designer|theatre director|director|film producer|television director|theatre manager|painter|film director|illustrator|politician|screenwriter,respiratory failure
Q1042564,male,Italy,motorcycle racer,respiratory failure
Q1086279,male,France,musician|singer|composer,pulmonary emphysema|COVID-19
Q106221,male,United States,orchestrator|film score composer|bandleader|musician|conductor|composer,aircraft crash
Q106529,male,Switzerland|France,producer|art collector|film actor|television actor|director|film producer|stage actor|film director|musician|singer|writer|actor|screenwriter,lymphoma
Q106481,male,United Kingdom,film actor|television actor|theatre director|director|film producer|voice actor|stage actor|character actor|film director|graphic designer|musician|writer|actor|screenwriter,pancreatic cancer
Q109559,male,United States,molecular biologist|crystallographer|biophysicist|biochemist|biologist|university teacher|chemist,pancreatic cancer
Q1066361,male,Czech Republic|Czechoslovakia,film actor|film director|director|screenwriter|actor,respiratory failure
Q1131618,female,Mexico,film actor|television actor|stage actor|singer|actor,liver cancer
Q1065216,male,United States,opinion journalist|columnist|journalist|pundit|psychiatrist|speechwriter|physician|writer,small intestine cancer
Q115110885,female,Uganda,marathon runner|long-distance runner,multiple organ dysfunction syndrome
Q1120700,male,United States,autobiographer|film actor|television actor|voice actor|stage actor|actor,blunt trauma
Q1174579,male,United States|United Kingdom,social anthropologist|cultural anthropologist|trade unionist|anthropologist|university teacher|ethnologist|writer,acute pancreatitis|internal bleeding
Q108283,male,United States,science fiction writer|film actor|television actor|children's writer|director|theatre director|film producer|film director|stage actor|television director|singer|writer|musician|filmmaker|character actor|screenwriter|actor,cardiovascular disease
Q1041527,male,Italy,film actor|television actor|stage actor|actor,falling
Q106624,male,United States|Egypt,university teacher|chemist|inventor|physicist,spinal cord lymphoma
Q117439,male,Greece,Christian minister|university teacher|theologian,COVID-19
Q1000366,male,United States,jazz musician|jazz guitarist|guitarist|musician,COVID-19
Q1064011,male,Venezuela,politician|lawyer,surgical complications
Q109493880,male,Russia,military officer,bomb attack
Q111433188,male,Russia|Soviet Union|Ukraine,bank robber|autobiographer|militant|blogger|war correspondent|military personnel|writer,bomb attack
Q105396829,male,United States,Minecraft YouTuber|YouTuber,sarcoma
Q10390,male,United States,naval officer|autobiographer|soldier|aircraft pilot|television presenter|fighter pilot|author|politician|writer|screenwriter,glioblastoma
Q109051038,female,Ukraine,investigative journalist|cinematographer,gunshot wound
Q109337139,male,Ukraine,journalist|photojournalist|videographer|photographer,gunshot wound
Q106881,female,Italy|Kingdom of Italy,film actor|film director|comedian|stage actor|screenwriter|actor,dementia with Lewy bodies
Q105825,male,United States,film actor|television actor|film producer|voice actor|stage actor|musician|actor,prostate cancer
Q117249,male,Canada,recording artist|producer|film actor|film score composer|guitarist|lyricist|singer-songwriter|musician|record producer|singer|composer|screenwriter|actor,prostate cancer
Q106235,male,Germany|German Democratic Republic,non-fiction writer|foreign minister|university teacher|assessor|military personnel|politician|lawyer,cardiac arrest
Q116020,male,Switzerland,pop singer|songwriter|musician|pianist|singer,cardiac arrest
Q1138783,male,United States,professional wrestler|basketball player|bodyguard|actor,drowning
Q1029506,male,Spain,pop singer|DJ producer|singer|painter|songwriter|actor|composer,kidney failure
Q1112549,male,United Kingdom|The Bahamas|United Kingdom of Great Britain and Ireland,sailor,kidney failure
Q1166019,male,Iran|Pahlavi Iran,director|film director|translator|screenwriter,stabbing
Q1091285,trans woman,United States,film actor|stage actor|musician,brain cancer
Q1156878,male,United States,theoretical physicist|university teacher|physicist,brain cancer
Q1151134,male,Japan,association football player,surgical complications
Q101064944,female,South Africa,film actor|model|actor,bacterial sepsis
Q113568088,female,Russia,journalist|editor-in-chief|politician,truck bombing
Q1066772,male,United States,country musician|baseball player|guitarist|musician|songwriter|singer,COVID-19
Q1067412,male,Spain,real estate developer|association football player,COVID-19
Q1124093,male,Iran,association football player|association football coach|singer,COVID-19
Q102200,male,Hungary,translator|poet|politician|lawyer|writer,
Q102266,male,Canada|United States,molecular biologist|biophysicist|biochemist|biologist|university teacher|chemist|physicist,
Q102379,male,United States,molecular biologist|biochemist|biologist|university teacher|researcher|chemist,
Q103598,male,France,molecular biologist|virologist|biologist|researcher|professor,
Q103784,male,Canada,peace activist|film actor|television actor|film producer|voice actor|stage actor|character actor|spokesperson|actor|screenwriter,
Q104027,male,United States,producer|philanthropist|film actor|television actor|soldier|film director|director|film producer|stage actor|musician|military personnel|writer|actor|screenwriter,
Q104049,male,United States|The Bahamas,autobiographer|film actor|activist|television actor|film director|director|film producer|theatre director|stage actor|musician|author|television producer|diplomat|writer|actor,
Q105927,male,Japan|United States,researcher|chemist|professor,
Q106036,male,France,film actor|television actor|military officer|military personnel|actor,
Q106099,female,France,recording artist|film actor|director|film producer|stage actor|film director|musician|singer|actor|screenwriter,
Q112856,male,Austria,designer|painter|university teacher|sculptor|artist|musician|architect|poet|singer|composer|writer|etcher|watercolorist|lithographer|philosopher|draftsperson|performance artist|ornamental sculptor|theatre designer|printmaker|speaker|scenographer,
Q113081,male,United States|Austria,geophysicist|oceanographer|university teacher|physicist,
Q113628,male,Burkina Faso,film director|film producer|screenwriter,
Q113935,male,United States|Nicaragua,politician|diplomat|priest,
Q114142,female,Nicaragua,journalist|politician,
Q114623,female,Austria,prose writer|translator|playwright|poet|screenwriter|writer,
Q114867,male,United States,pedagogue|university teacher|psychologist,
Q115611,male,Switzerland,university teacher|politician,
Q115630,male,Switzerland,philosopher|non-fiction writer|university teacher|writer,
Q115681,male,Switzerland,theologian|Catholic priest|Catholic bishop,
Q115689,male,Switzerland,theologian|Catholic priest|Catholic bishop,
Q116236,male,Switzerland,film director|director|television director|television producer|screenwriter,
Q116516,male,United Kingdom,boxer|autobiographer,
Q116630,male,Peru,President of the Republic|politician|military officer,
Q116911,male,Sweden,association football player|association football coach,
Q117071,male,France,film theorist|film director|director|television director|assistant director|cinematographer|screenwriter,
Q1006033,male,Hungary,weightlifter|coach,
Q1010375,male,Italy|Kingdom of Italy,director|film director|screenwriter,
Q1012106,male,United Kingdom,film actor|television actor|stage actor|comedian|actor,
Q1016283,male,Turkey,association football player,
Q1027165,,,,
Q1028081,male,Brazil,association football player,
Q1030228,male,Russia|Soviet Union,inventor|university teacher|mathematician|physicist,
Q1033656,male,Sweden,director|film director|cartoonist|lyricist|comedian|actor|screenwriter|composer|writer,
Q1042239,male,United Kingdom,singer,
Q1042327,male,Italy|Kingdom of Italy,association football player|association football coach,
Q1043593,male,Malta,jurisprudence|head of government|university teacher|jurist|politician|lawyer,
Q1052709,male,United States,programmer|computer scientist,
Q1053872,male,United States,drummer|audio engineer,
Q1058602,male,United States,film actor|racing automobile driver|film producer,
Q1062006,male,North Korea,politician,
Q1062393,male,Uzbekistan|Soviet Union,politician,
Q1064022,male,United States,actor,
Q1064623,male,United States,athletics competitor,
Q1065189,male,United States,university teacher|physicist|engineer,
Q1066327,male,United States,weightlifter,
Q1081523,female,United States,interior architect|television actor|fashion designer|author|socialite|writer|actor,
Q1095435,male,United States,film actor|television actor|pedagogue|television director|actor,
Q1096420,male,France,geochemist|geologist|politician,
Q1112554,female,United States,film actor|television actor|actor,
Q1113742,female,United Kingdom|United Kingdom of Great Britain and Ireland,journalist|war correspondent|writer,
Q1115062,female,United States,film actor|television actor|actor,
Q1125643,female,Hungary,artistic gymnast|athlete,
Q1133956,male,Brunei,Catholic bishop|Catholic priest,
Q1134418,male,Italy,association football player|association football coach,
Q1140116,male,People's Republic of China|British Hong Kong|Republic of China,film actor|television actor|actor,
Q1142250,female,Japan,film actor|actor,
Q1145182,male,Italy,fencer,
Q1145565,male,United States,jazz musician|recording artist|composer,
Q1150914,male,Czech Republic|Czechoslovakia,ice hockey player|tennis player|ice hockey coach,
Q1151906,,,,
Q1158704,male,Japan|Germany,vocalist|musician|singer|composer,
Q1163891,male,France,graphic designer|poet|writer,
Q1173665,male,United States,musicologist|choir director|conductor,
Q1173895,male,United Kingdom,botanist,
Q106204,male,France,audiobook narrator|film actor|racing automobile driver|director|stage actor|character actor|film director|actor|screenwriter,
Q106255,male,France,film actor|theatre director|film producer|stage actor|stunt performer|actor,
Q106471,male,United States,researcher|chemist,
Q106544,male,France,bobsledder|film actor|television actor|racing automobile driver|director|stage actor|actor,
Q106555,male,France,consultant|audiobook narrator|film actor|television actor|director|stage actor|film director|actor,
Q106606,female,Germany,novelist|teacher|writer,
Q106764,female,Spain,film actor|actor,
Q106834,female,Germany,English–German translator|children's writer|writer|translator,
Q107006,female,Italy|France,film actor|stage actor|actor,
Q107264,male,United States,economist,
Q107423,male,United States|Kingdom of Denmark,nuclear physicist|university teacher|physicist,
Q108014,female,Germany|German Democratic Republic,writer|translator,
Q109726,male,United States|Italy|Switzerland,biochemist|university teacher|chemist,
Q110930,male,United States,university teacher|chemist,
Q111240,male,United States,naval aviator|naval officer|test pilot|screenwriter|astronaut,
Q111452,female,Germany,feminist|ecofeminist|politician|sociologist|university teacher|writer,
Q111956,male,Austria,entrepreneur,
Q112193,male,Austria,designer|inventor|engineer,
Q1174142,male,South Africa,head teacher|politician|minister,
Q10831393,male,Latvia,basketball player,
Q11015464,female,"Slovenia|Socialist Federal Republic of Yugoslavia|Kingdom of Serbs, Croats and Slovenes|Kingdom of Yugoslavia",university teacher|chemist,
Q11112119,female,United States,operator|politician|flight attendant,
Q11539167,male,Japan,association football player|association football coach,
Q11682364,female,Argentina,activist|human rights defender,
Q100437698,,,,
Q105438637,male,United States,lawyer|writer,
Q105627129,male,Italy,diplomat,
Q106286501,male,India,photojournalist,
Q108564852,,,,
Q110627549,male,Venezuela,construction worker|sheriff|farmer,
Q111015860,male,Ukraine,sapper|military personnel,
Q111081232,male,Russia|Soviet Union,military officer,
Q111273964,female,Ukraine,actor,
Q111305264,female,Ukraine,television journalist|journalist|human rights defender|war correspondent,
Q112324990,female,Brazil,mathematics teacher|nun,
Q113330716,female,Japan|Empire of Japan,housewife,
Q114051466,,,,
Q10652,male,United Kingdom,autobiographer|economist|politician,
Q11256,male,Cuba,film actor|revolutionary|journalist|statesperson|partisan|jurist|politician|lawyer|head of state,
Q11431,female,United States,venture capitalist|inventor|physicist|entrepreneur|computer scientist|engineer,
Q11481,female,United Kingdom,university teacher|mathematician|computer scientist|engineer,
Q11740,female,United States,military flight engineer|mathematician|physicist|computer scientist|writer|teacher,
Q125484,female,Germany,novelist|playwright|writer|religious studies,multiple sclerosis
Q132190,female,Australia,chess player|singer,traffic collision
Q123010,male,Switzerland,philosopher|university teacher|theologian|Catholic priest|writer,Parkinson's disease
Q130024,male,United States,economist|politician,Parkinson's disease
Q133151,male,United Kingdom,rock singer|musician|singer-songwriter|singer|composer,Parkinson's disease|myocardial infarction|coronary artery disease
Q125794,male,Serbia|Kosovo|Serbia and Montenegro|Socialist Federal Republic of Yugoslavia,urologist|politician,cancer
Q132451,male,United States,film producer,cancer
Q1181574,female,United States,university teacher|physicist,cancer
Q1189457,male,United States,tennis player|tennis coach,cancer
Q1231556,male,United Kingdom,television actor|stage actor|actor,cancer
Q1236512,male,Russia,association football player|association football coach,cancer
Q1280931,male,Italy|Kingdom of Italy,association football player|association football coach,Alzheimer's disease
Q1333472,male,Brazil,association football player|association football coach,Alzheimer's disease
Q132070,male,South Africa,guitarist|singer-songwriter|singer,leukemia
Q1238201,male,France,association football player,leukemia
Q129228,male,United States|France,cultural anthropologist|religious studies scholar|philologist|anthropologist|philosopher|literary critic|university teacher|historian|writer,disease
Q1273495,male organism,,,cancer
Q12214289,female,Egypt,film actor,cancer
Q12956738,female,Croatia|Socialist Federal Republic of Yugoslavia,literary critic|translator|docent|writer,cancer
Q12946,male,France,official|politician,cancer
Q1201902,female organism,,railway worker,heart failure
Q1209674,male,United States,political activist|autobiographer|social critic|activist|social activist|athletics competitor|comedian|entrepreneur|politician|writer,heart failure
Q1240040,male,Japan|United States,japanologist|linguist|librettist|university teacher|author|translator|historian|writer,heart failure
Q1295870,male,United States,recording artist|music executive|percussionist|film score composer|bandleader|lyricist|musician|singer-songwriter|drummer|record producer|composer|singer,Parkinson's disease
Q131248,male,Singapore,autobiographer|philosopher|statesperson|lawyer|politician,pneumonia
Q1189058,male,Japan|Empire of Japan,swimmer,pneumonia
Q1209753,male,United States,film actor|television actor|voice actor|television director|character actor|actor|screenwriter,pneumonia
Q1229601,male,Russia,prose writer|opinion journalist|theatre director|director|film director|drama teacher|theatre manager|pedagogue|playwright|actor|screenwriter,pneumonia
Q1264306,female,United States,film actor|television actor|voice actor|stage actor|comedian|singer|actor,pneumonia
Q1291104,female,United States,film actor|dancer|television actor|stage actor|musician|singer|actor,disease
Q12180950,female,syria,politician,disease
Q1254,male,Ghana,diplomat|economist|politician,disease
Q1235479,male,United States,film actor|television actor|voice actor|stage actor|musician|actor,lung cancer
Q1277484,male,United States,film actor|television actor|stage actor|voice actor|actor,myocardial infarction
Q1289100,male,Slovakia|Czechoslovakia,foreign minister|diplomat|politician,myocardial infarction
Q1252125,male,Serbia|Socialist Federal Republic of Yugoslavia,film actor|television actor|stage actor|actor,colorectal cancer
Q130311,male,United Kingdom,recording artist|television actor|film director|multi-instrumentalist|lyricist|songwriter|musician|singer-songwriter|record producer|singer|composer,dilated cardiomyopathy|fatty liver disease
Q1252526,male,United Kingdom|United Kingdom of Great Britain and Ireland,camera operator|cinematographer,falling
Q1285234,male,Yugoslavia,singer-songwriter|singer,pneumonia
Q1290991,male,Argentina,rower|rugby union player,pneumonia
Q1315977,male,Japan|Empire of Japan,television actor|film actor|stunt performer|actor,pneumonia
Q1320640,male,United States,trade unionist|television actor|film actor|basketball player|stage actor|actor,pneumonia
Q1224,male,Italy|Kingdom of Italy,banker|economist|politician,pneumonia
Q124495,male,United Kingdom,journalist|sports commentator|association football player|association football coach,lymphoma
Q127677,male,United Kingdom,director|film director|photographer|screenwriter,asphyxia|suicide method
Q1332599,male,Italy|Bulgaria|Argentina|Kingdom of Italy,film score composer|music arranger|bandleader|musician|pianist|conductor|composer,leukemia
Q1189486,female,Japan,princess,senility
Q1245136,male,United Kingdom,game show host|film actor|television actor|dancer|stage actor|television presenter|comedian|singer|actor|screenwriter,bronchopneumonia
Q1262052,male,Saudi Arabia,political writer|journalist,killing
Q1225972,male,Greece,association football player,pulmonary edema
Q125121,female,United States,women composers|soul musician|activist|pianist|songwriter|record producer|singer|composer,pancreatic cancer
Q123206,male,Switzerland,film actor|television actor|film director|stage actor,small intestine cancer
Q132345,male,Japan,politician,gunshot wound|exsanguination
Q1314603,male,United States,university teacher|computer scientist|mathematician,pulmonary fibrosis
Q12636953,female,"Croatia|Socialist Federal Republic of Yugoslavia|Kingdom of Yugoslavia|Kingdom of Serbs, Croats and Slovenes",athletics competitor|sports commentator|journalist,bone fracture|COVID-19
Q1270283,male,United States,film producer|film director|showrunner|television producer|businessperson|actor|screenwriter,cardiac arrest
Q1290010,female,India,film actor|television actor|stage actor,cardiac arrest
Q1332856,male,United States,basketball coach|basketball player,stroke
Q12170857,male,Ukraine|Soviet Union,astronomer|writer,stroke
Q133040,male,Japan|Peru,agricultural engineer|television presenter|university teacher|politician|writer,tongue cancer
Q1229223,male,Canada|Italy,industrialist|business executive|accountant|entrepreneur|lawyer,surgical complications
Q12807,male,Italy|Kingdom of Italy,semiologist|literary scholar|essayist|novelist|literary critic|medievalist|philosopher|pedagogue|university teacher|translator|historian|writer|screenwriter,pancreatic cancer
Q1292127,male,United States,film actor|television actor|stage actor|actor,dementia
Q1290549,female,Bosnia and Herzegovina|Yugoslavia,singer-songwriter,amyotrophic lateral sclerosis
Q1332676,male,United States,trade unionist|television actor|film actor|voice actor|actor,amyotrophic lateral sclerosis
Q1331953,male,United States,television actor|film actor|film producer|actor,chronic obstructive pulmonary disease
Q13071335,female,Slovakia,opera singer|singer,breast cancer
Q13017264,male,Thailand,singer,heart failure
Q1281080,female,United States,film actor|television actor|actor,squamous cell carcinoma
Q12897,male,Brazil,film actor|athlete|association football player|musician|politician|composer|actor,colorectal cancer|multiple organ dysfunction syndrome
Q118199,male,Switzerland,politician|lawyer,COVID-19
Q127219,male,Gabon,bank manager|head of government|diplomat|minister|politician,COVID-19
Q128736,male,United States,university teacher|economist|mathematician,car collision
Q1196262,male,United Kingdom|People's Republic of China|Republic of China,pianist|musician|composer,COVID-19
Q1267921,male,Belarus|Soviet Union,speed skater,COVID-19
Q1329182,male,United States,university teacher|mathematician,mantle cell lymphoma
Q1276,male,Canada,draftsperson|novelist|film actor|street artist|lyricist|musician|pianist|singer-songwriter|author|record producer|singer|poet|writer|screenwriter,falling
Q1270169,male,Bosnia and Herzegovina|Socialist Federal Republic of Yugoslavia|Independent State of Croatia,film director|major general|military personnel|politician|engineer|businessperson,cyanide poisoning
Q12885954,female,Greece,politician,ileus
Q11860,male,Italy,association football executive|media proprietor|head of government|entrepreneur|politician,chronic myelomonocytic leukemia
Q12087281,male,Ukraine,Wikimedian|prose writer|children's writer|numismatist|public figure|translator|author|poet|writer,gunshot wound
Q12219365,female,United States|Palestine,television journalist|journalist|reporter,gunshot wound
Q120138160,male,Iraq,activist|critic,gunshot wound
Q127424136,male,United States,,gunshot wound
Q1238247,male,Iran|Pahlavi Iran,recording artist|music educator|qāriʾ|calligrapher|musician|singer|composer,kidney cancer
Q12956,male,France,secondary school teacher|politician,stomach cancer
Q1282910,male,United States,rock singer|rock musician|recording artist|television actor|guitarist|singer-songwriter|composer|singer|actor,esophageal cancer
Q1318594,female,Japan,recording artist|film actor|model|lyricist|singer|actor,drowning
Q1304952,male,United States,producer|philanthropist|film actor|soldier|television actor|dancer|director|film director|voice actor|film producer|comedian|television producer|military officer|singer|military personnel|writer|actor|screenwriter,normal pressure hydrocephalus
Q123139628,female,Palestine,novelist|nutritionist|poet|writer,airstrike
Q1281731,male,United Kingdom,film actor|television actor|actor,infectious disease
Q1287976,female,Hungary|Romania,puppeteer|editing staff|Esperantist|writer|actor,COVID-19
Q1320080,male,Japan,owarai tarento|presenter|tarento|seiyū|comedian|singer|actor,COVID-19
Q12447464,female,India|British Raj|Dominion of India,politician|writer,COVID-19
Q12748222,male,Serbia,songwriter|keyboardist|bandleader|musician|conductor|singer|composer,COVID-19
Q12877939,male,Greece,politician,COVID-19
Q1317158,male,United States,baseball player-manager|baseball player|baseball coach,bone cancer
Q118216,male,Germany,rower,
Q118250,male,Switzerland,jurist|politician|lawyer,
Q118937,male,Lithuania|Soviet Union,restorer|politician,
Q119069,male,Mexico,film producer|singer|actor,
Q121535,male,United States,recording artist|jazz musician|saxophonist|music arranger|musician|bandleader|composer,
Q121976,male,Spain,sport cyclist,
Q122063,female,Switzerland,jurist|politician|lawyer,
Q122127,male,United Kingdom|United Kingdom of Great Britain and Ireland,autobiographer|children's writer|Founder|camera operator|cinematographer|writer|screenwriter,
Q122232,male,United Kingdom,rock drummer|jazz musician|percussionist|musician|songwriter|drummer|singer,
Q122272,male,Switzerland,chemist,
Q122295,male,Kingdom of the Netherlands,track cyclist|sport cyclist,
Q122298,male,Switzerland,university teacher|physicist,
Q123118,male,Poland|France,association football player,
Q123507,male,Switzerland,medical historian|literary scholar|literary historian|literary theorist|philosopher|literary critic|university teacher|physician writer|physician,
Q123521,male,Switzerland|France,essayist|translator|poet|writer,
Q123621,male,Switzerland,non-fiction writer|typesetter|calligrapher|graphic artist|typographer|graphic designer|artist|type designer,
Q123654,male,Switzerland,non-fiction writer|university teacher|urban planner|architect,
Q123879,male,Switzerland,Catholic bishop|Catholic priest|nuncio|archbishop|priest,
Q124038,male,Switzerland,librettist|journalist|teacher|writer,
Q124092,male,Switzerland,music educator|university teacher|violinist|conductor|composer,
Q125237,female,United States,film actor|television actor|voice actor|actor,
Q127672,male,Australia,swimmer,
Q127937,male,Italy,Catholic bishop|Catholic priest|diplomat,
Q128379,male,United Kingdom,professional fitness coach|weightlifter|film actor|television actor|actor,
Q128563,male,Canada,business executive|lawyer|politician|writer,
Q128568,male,Canada|United Kingdom,athletics competitor|lawyer|politician,
Q128888,male,Israel,military officer|politician,
Q131814,female,United States|Switzerland,autobiographer|recording artist|dancer|film director|choreographer|songwriter|musician|singer|actor,
Q132701,male,Saint Lucia,prose writer|librettist|director|playwright|poet|writer,
Q1181130,male,United States,sprinter|stunt performer|actor,
Q1185256,male,Kingdom of the Netherlands,draftsperson|opinion journalist|journalist|columnist|translator|poet|writer|screenwriter,
Q1188374,male,Ukraine|Soviet Union,swimmer,
Q1188596,male,Soviet Union|Tajikistan,engineer|politician,
Q1189587,male,United Kingdom,film actor|television actor|stage actor|actor,
Q1192498,male,Japan|Empire of Japan,music arranger|pianist|conductor|composer,
Q1194523,male,People's Republic of China,producer|film producer,
Q1196186,male,United States,Protestant theologian|philosopher|theologian|pastor|writer,
Q1221840,male,France,prose writer|playwright|poet|writer,
Q1229829,male,Kazakhstan|Soviet Union,amateur wrestler,
Q1230098,male,France,association football coach|association football player,
Q1230469,male,Italy|Kingdom of Italy,essayist|literary critic|journalist|writer,
Q1230705,male,France,novelist|essayist|professor|playwright|writer|actor|screenwriter,
Q1231315,male,Italy,Catholic bishop|Catholic priest,
Q1232803,male,Russia|Germany|Soviet Union,graffiti artist|painter,
Q1236696,male,United States,anthropologist|documentary filmmaker|ethnologist|university teacher,
Q1238249,male,France,philanthropist|journalist|war correspondent|historian|writer,
Q1238593,female,Belgium|France,novelist|lyricist|writer,
Q1239172,male,United States,university teacher|mathematician|computer scientist,
Q1239590,male,United States,ship captain|politician|teacher,
Q1248110,male,Mali,film screenwriter|film producer|film director|screenwriter,
Q1248240,male,United States,university teacher|surgeon|physician|scientist,
Q1250094,male,Greece|France,draftsperson|film director|journalist|writer|screenwriter,
Q1251657,male,Poland,boxer,
Q1254590,male,Serbia|Socialist Federal Republic of Yugoslavia,association football player,
Q1255276,male,Croatia,table tennis player|athlete,
Q1258959,male,United States,science fiction writer|television actor|novelist|writer,
Q1262589,male,Canada|United States,ufologist|nuclear physicist|essayist|physicist,
Q1270509,male,France,saxophonist|television actor|film actor|musician|pianist|singer|clarinetist|actor,
Q1277085,male,United States,television actor|film actor|actor,
Q1277298,male,Italy|Kingdom of Italy,journalist|civil servant|partisan|politician|writer,
Q1280936,male,United States|Soviet Union,nuclear physicist|human rights defender|university teacher,
Q1281308,male,France,naval officer|admiral|politician,
Q1281569,male,Croatia|Socialist Federal Republic of Yugoslavia|Kingdom of Yugoslavia,film actor|director|film director|screenwriter,
Q1282338,male,United States,novelist|university teacher|writer|screenwriter,
Q1284560,male,France|Serbia,film screenwriter|director|film producer|film director|costume designer|screenwriter,
Q1287240,male,Italy,association football referee|referee,
Q1288271,male,Bosnia and Herzegovina|Socialist Federal Republic of Yugoslavia,association football player|association football coach,
Q1290500,male,Serbia|Serbia and Montenegro|Yugoslavia,association football player|association football coach,
Q1290539,male,Yugoslavia,military officer|military personnel,
Q1291127,male,United States,film actor|television actor|stage actor|actor,
Q1291283,male,United States,film actor|pornographic actor,
Q1292237,female,Mexico,film actor|television actor|stage actor|actor,
Q1298064,male,Italy|Kingdom of Italy,association football player,
Q1305608,male,United Kingdom,librettist|film score composer|lyricist|songwriter|musician|playwright|poet|composer|screenwriter,
Q1315300,male,United States,weightlifter,
Q1316565,male,United States,athletics competitor,
Q1316719,female,United States,autobiographer|novelist|children's writer|illustrator|librarian|writer,
Q1319384,male,Soviet Union,functionary|military officer|politician|engineer,
Q1319582,female,United Kingdom,film actor|stage actor|actor,
Q1333409,male,United States,scientific collector|arachnologist|entomologist|university teacher|zoologist,
Q12071846,female,India,installation artist|artist|painter|sculptor|photographer,
Q12095007,female,Soviet Union|Tajikistan,astronomer,
Q12151449,female,Ukraine|Soviet Union,ceramicist|visual artist|graphic artist|sculptor|painter,
Q12178106,male,Palestine,military spokesperson,
Q12279333,male,Bulgaria,philanthropist|ascetic,
Q12420576,male,India|British Raj|Dominion of India,essayist|critic|poet|writer,
Q12850258,male,Azerbaijan|Soviet Union,opinion journalist|journalist|historian|screenwriter|writer,
Q119791048,male,Canada|India,activist|community leader|plumber,
Q120028551,,,,
Q120489744,male,Argentina,friar|Catholic priest,
Q123121296,male,Palestine,literary scholar|academic|poet|writer,
Q124477340,,,,
Q124660835,,,,
Q125290608,male,United Kingdom,accountant,
Q131389544,,,,
Q131617247,,,,
Q1220,male,Italy,journalist|President of the Republic|politician,
Q1257,male,Egypt,general secretary|university teacher|diplomat|jurist|politician|writer,
Q12830,male,Germany,Esperantist|university teacher|political economist|mathematician|economist,
Q12836,male,Italy,esperantologist|linguist|Esperantist|university teacher,
Q12911,male,Marshall Islands,politician,
Q12913,male,Marshall Islands,politician,
Q12917,male,Marshall Islands,politician,
Q13407931,male,Turkey,association football player,traffic collision
Q135196491,male,Portugal,association football player,traffic collision
Q1395573,male,United States,television actor|street artist|magician|film actor|screenwriter|businessperson|actor,influenza
Q13560293,female,United States,film actor|actor,influenza
Q1371229,male,Canada,stand-up comedian|television actor|film actor|voice actor|television presenter|television producer|comedian|screenwriter,cancer
Q1375897,male,Sweden,association football player,cancer
Q1389589,male,United Kingdom,soloist|instrumentalist|musician|songwriter|singer-songwriter|record producer|singer|composer,cancer
Q1390515,male,United States,television actor|film actor|voice actor,cancer
Q1391263,male,Japan|Empire of Japan,judoka,cancer
Q1394609,male,United States,novelist|economist|musician|writer|photographer|screenwriter,cancer
Q1370968,male,United States,congressional staff|general counsel|politician|lawyer,myocardial infarction
Q1371434,male,Nigeria,association football player|association football coach,myocardial infarction
Q1377159,male,Russia,film director|film producer|television director|politician|actor|screenwriter,myocardial infarction
Q1378213,male,United States,theologian|pianist|singer|teacher,myocardial infarction
Q1395538,male,United States,novelist|journalist|screenwriter|writer,Parkinson's disease
Q1393963,male,Spain|Argentina,film actor|film director|actor,cerebral hemorrhage
Q1386899,male,United States,musical instrument maker|musician|singer-songwriter|singer,lymphoma
Q1389258,male,France|Kingdom of Denmark,consort|visual artist|aristocrat|sculptor|pianist|poet|writer,pneumonia
Q1389012,male,Egypt,theologian|politician,diabetes
Q1363254,male,Iran|Iraq,Islamic jurist|politician|judge,brain cancer
Q1363692,male,United States,songwriter|musician|lyricist|pianist|composer,lung disease
Q1395375,male,Czech Republic|Czechoslovakia,financier|entrepreneur|businessperson,aircraft crash
Q1385806,male,United States,American football player|boxer,dementia
Q134333,male,United Kingdom,autobiographer|film actor|television actor|film producer|voice actor|stage actor|television director|television producer|military personnel|actor,cancer
Q138627,male,United Kingdom,swimmer,cancer
Q1337925,male,United States,director|film director|film producer|screenwriter,cancer
Q1341731,male,France,political theorist|non-fiction writer|political activist|essayist|philosopher|lecturer|opinion journalist|journalist|university teacher,cancer
Q1348089,male,Japan,judoka|professor,cancer
Q1356487,male,United States,music educator|musicologist|classical pianist|pianist|conductor,cancer
Q1358990,male,Russia|Soviet Union,ice hockey player|ice hockey coach,cancer
Q1370431,male,United States,jazz musician|music arranger|musician|freelancer|drummer|record producer|composer,leukemia
Q1366902,male,Norway,social anthropologist|non-fiction writer|university teacher|writer,pancreatic cancer
Q1367752,male,France,non-fiction writer|chef|restaurateur,pancreatic cancer
Q1379961,male,United States,film actor|television actor|stage actor|film director|film producer|actor,pancreatic cancer
Q1391309,male,India,politician,pancreatic cancer
Q1360365,male,Sweden,essayist|journalist|writer,disease
Q1366768,male,United States,professional wrestler|television actor|film actor|voice actor,arterial hypertension|arteriosclerotic cardiovascular disease
Q1336425,male,United States,amateur wrestler|mixed martial arts fighter|professional wrestler|actor,pneumonia
Q1337159,male,United States,boxer|film actor|television actor|stage actor|actor,pneumonia
Q1341627,male,United States,recording artist|film score composer|lyricist|musician|singer-songwriter|singer|poet|composer|writer|actor,pneumonia
Q1364618,male,France,musician|singer-songwriter|singer|composer,cardiac arrest
Q1372953,male,United States,film actor|television actor|stage actor|voice actor|actor,cardiac arrest
Q1363756,male,Kingdom of Romania|Socialist Republic of Romania,diarist|essayist|novelist|writer,COVID-19
Q1372228,male,France,French resistance fighter|film director|university teacher|historian|screenwriter,COVID-19
Q1375663,male,United States,guitarist|lyricist|musician|songwriter|translator|singer|disc jockey|poet|writer,surgical complications
Q1376522,male,Russia|Soviet Union,philologist|essayist|bibliographer|literary critic|journalist|librarian|poet|writer,struck by vehicle
Q1382825,male,Italy,team manager|motorcycle racer,COVID-19
Q1383590,male,France,politician|lawyer,COVID-19
Q1342019,male,Belgium,association football player|association football coach,stroke
Q1346976,male,Ireland|United States,non-fiction writer|novelist|playwright|writer,stroke
Q1351481,male,United States,graphic designer,stroke|kidney failure
Q1355449,male,Canada,ice hockey player|ice hockey coach,stroke
Q1334710,male,United Kingdom,film actor|television actor|stage actor|actor,myocardial infarction
Q1341518,male,United Kingdom,association football player|association football coach,myocardial infarction
Q1341874,male,Colombia,association football player,myocardial infarction
Q1344554,male,United States,guitarist|songwriter|musician|singer,myocardial infarction
Q1349639,male,United States,film actor|film score composer|musician|singer|conductor|composer|actor,myocardial infarction
Q1351055,male,Estonia,conductor,myocardial infarction
Q1344392,male,United States,entrepreneur|engineer|mathematician|computer scientist|businessperson,pancreatic cancer
Q1358703,male,Russia|Georgia|Soviet Union,art educator|designer|visual artist|sculptor|painter|architect,cardiac arrest
Q1374481,male,United States,film actor|television actor|film director|film producer|voice actor|television director|television producer|comedian|actor|screenwriter,thrombosis
Q139223,male,United Kingdom,opera composer|classical composer|music educator|librettist|film score composer|pedagogue|pianist|conductor|composer,leukemia
Q1350541,male,United States,film producer|television producer|screenwriter,leukemia
Q1371393,male,France|Nigeria,songwriter|drummer|conductor|composer,aortic aneurysm
Q1377715,male,Japan,video artist|children's writer|lyricist|translator|poet|writer|screenwriter,senility
Q1354181,male,United States,television actor|film actor|voice actor|actor,epilepsy
Q1339107,male,United States,recording artist|film actor|television actor|stage actor|musician|comedian|singer|composer|actor,Alzheimer's disease
Q1352236,male,United States,novelist|police officer|writer|actor|screenwriter,esophageal cancer
Q1335903,male,United States,professional wrestler,Parkinson's disease
Q1353638,male,United Kingdom,embryologist|inventor,Parkinson's disease
Q1370780,male,Japan|Empire of Japan,film director|television director|mangaka|screenwriter,aspiration pneumonia
Q1395208,male,Brazil,manager|television producer|television presenter|businessperson,bronchopneumonia
Q13774475,male,United States,singer,liver failure
Q1346591,male,United States,film actor|television actor|television director|actor,traffic collision
Q1352142,male,Spain,sport cyclist,traffic collision
Q1343304,male,Russia|Soviet Union,weightlifter,influenza
Q1346818,male,United Kingdom,recording artist|lyricist|songwriter|musician|singer-songwriter|singer|poet|actor,lung cancer|kidney cancer
Q1347777,male,Turkey,singer-songwriter|record producer|singer,lung cancer
Q1346651,male,United States,producer|film screenwriter|director|film producer|film director|playwright|writer|screenwriter|actor,multiple organ dysfunction syndrome
Q1356290,male,Sweden,tennis coach|tennis player,type 2 diabetes
Q138166,male,France,playwright|writer,pulmonary embolism
Q1356412,male,Canada,professional wrestler,pulmonary embolism
Q1339711,male,France,recording artist|film actor|musician|singer-songwriter|singer,dementia with Lewy bodies
Q1337855,male,United Kingdom,comedian|actor,falling from height
Q1344922,male,France,association football player,COVID-19
Q1360086,male,Argentina,association football player|association football coach,COVID-19
Q1361912,male,Belarus|Soviet Union,economist|politician|engineer,COVID-19
Q1362757,male,United States|France|Israel,personal stylist|fashion designer|entrepreneur,COVID-19
Q1335434,male,People's Republic of China,politician,bladder cancer
Q1349215,male,United States,television director|musician|poet|actor,drowning
Q1342961,male,Japan,television actor|child actor|seiyū|singer|actor,hanging to death
Q1359426,male,Belgium,association football player|association football coach,heart failure
Q1336716,male,United States,manufacturer|film actor|television actor|director|film director|film producer|comics artist|television presenter|comedian|actor|screenwriter,blunt trauma
Q138416,female,Spain,university teacher|politician|lawyer,congenital heart disease
Q1354766,male,United States,weightlifter|athlete,liver disease
Q1356665,male,United States,bass guitarist|guitarist|musician|singer-songwriter|singer|composer,chronic obstructive pulmonary disease
Q1347527,male,United States,basketball coach|basketball player,
Q1348044,male,United Kingdom,architect,
Q1348219,female organism,,research participant,
Q1349794,male,France,music educator|music teacher|music arranger|editor|organist|musician|pianist|composer,
Q1350527,male,United States,bassist|lyricist|guitarist|musician|singer-songwriter|singer,
Q1351447,male,United States,television actor|film actor|novelist|director|filmmaker|writer|actor,
Q1351554,male,United States,television writer|science fiction writer|comics writer|novelist|writer|screenwriter,
Q1353311,male,Australia,athletics competitor|middle-distance runner|politician|engineer,
Q1353499,male,Portugal,terrorist|revolutionary|politician|military personnel|general,
Q1353545,male,United Kingdom,association football player,
Q1354646,male,United States,musicologist|speaker|journalist|university teacher|impressionist|film score composer|musician|writer|composer,
Q1354716,male,United Kingdom,theatre director|director|film director|television director|screenwriter,
Q1354784,male,United Kingdom,shot putter|discus thrower|athletics competitor|strongman|police officer,
Q1356355,male,Canada|France,non-fiction writer|science communicator|environmentalist|astrophysicist|university teacher|docent,
Q1356426,male,Norway,non-fiction writer|criminologist|sociologist|criminalist|university teacher,
Q1356792,male,United Kingdom,chess composer|university teacher|mathematician,
Q1356927,male,Australia,barrister|viceroy|judge|politician,
Q1357606,male,France,association football player,
Q1359818,male,Sweden,biathlete,
Q1360094,male,United Kingdom,association football player|association football coach,
Q1360483,male,Sweden,film actor|stage actor|musician|singer|actor,
Q1362455,male,United Kingdom,association football player|association football coach,
Q1362474,male,United Kingdom,television actor|film actor|stage actor|actor,
Q1362642,male,Chile,association football player|association football coach,
Q134477,female,United States,novelist|children's writer|translator|writer,
Q135139,male,Germany|Kingdom of the Netherlands,academic administrator|meteorologist|university teacher|climatologist|chemist|engineer,
Q137489,male,France|United Kingdom|United Kingdom of Great Britain and Ireland,film screenwriter|director|film director|film producer|screenwriter,
Q139324,male,Vietnam,cartographer|politician,
Q1333582,male,United States,university teacher|translator|poet|writer,
Q1333701,male,Kingdom of the Netherlands,goalkeeper coach|association football coach|association football player,
Q1334803,male,Syria|Second Syrian Republic|United Arab Republic,diplomat|politician,
Q1336253,male,United States,talk show host|film director|film producer|journalist|television presenter,
Q1338273,male,Kingdom of Denmark,jazz musician|violinist|musician|singer|composer|actor,
Q1339988,male,United States,athletics competitor,
Q1340064,male,United States,athletics competitor,
Q1340595,male,Australia,novelist|children's writer|journalist|author|war correspondent|writer,
Q1341043,male,United States,jazz musician|drummer|composer,
Q1342555,male,Sweden,speed skater,
Q1342674,male,United Kingdom,association football player|association football coach,
Q1345694,male,United States,American football coach|American football player|sports journalist|sports commentator,
Q1345794,male,United States,recording artist|film actor|television actor|director|film director|filmmaker|singer|actor,
Q1346123,male,United States,film actor|television actor|stage actor|theatre director|director|pedagogue|actor,
Q1346555,male,United Kingdom,boxer,
Q1346849,male,United States,musicologist|music educator|university teacher|musician|pianist|composer,
Q1347179,male,France,association football player,
Q1347338,male,Italy,cinematographer,
Q1382212,male,France,anthropologist|paleontologist|university teacher|professor|paleoanthropologist,
Q1382288,male,France,association football player,
Q1383120,male,New Zealand,philosopher|university teacher|political scientist|psychologist|politician|writer,
Q1383283,male,United States,serial killer,
Q1383662,male,France,traveler|explorer|novelist|journalist|writer,
Q1383760,male,France,track cyclist,
Q1383773,male,Mozambique,gynecologist|minister|politician|physician,
Q1384373,male,United States,television actor|film actor|voice actor|stage actor,
Q1384866,male,United States|India,university teacher|physicist,
Q1385073,male,United States,economist,
Q1385699,male,Poland|France,middle-distance runner|long-distance runner,
Q1386002,male,Argentina,association football player,
Q1386131,male,Italy,journalist|sociologist|writer,
Q1387182,male,Italy,association football player,
Q1387534,male,Italy,economist,
Q1387831,male,United States,game show host|radio personality|television presenter|television producer|disc jockey,
Q1388974,male,Switzerland|Russia|Soviet Union,figure skater,
Q1389230,male,Argentina,association football coach|association football player,
Q1390108,male,Russia|Soviet Union,film screenwriter|caricaturist|film producer|film director|actor|screenwriter,
Q1391960,male,India,santurist|composer,
Q1392506,male,Italy,sport cyclist,
Q1393578,male,Russia,ice dancer|figure skating coach|figure skater,
Q1393598,male,Norway,Nordic combined skier|ski jumper,
Q1393655,male,Sweden,sprinter,
Q1393902,male,France,singer-songwriter|singer|composer|writer,
Q1394077,male,Ivory Coast,diplomat|minister|politician,
Q1394102,male,Russia|Soviet Union,interpreter|film actor|child actor|diplomat|politician,
Q1394553,male,Russia|Soviet Union,amateur wrestler,
Q13637900,female,India,pathologist|immunologist,
Q13847673,female,United States,,
Q136130910,,,,
Q1363074,male,Spain,association football player,
Q1363916,male,Tunisia|French protectorate of Tunisia,politician,
Q1364575,male,United Kingdom,association football player|association football coach,
Q1364884,male,United Kingdom,theoretical physicist|university teacher|chemist|physicist|mathematician|screenwriter|scientist,
Q1365152,male,Australia,swimmer,
Q1366401,male,Spain,association football player,
Q1366556,male,Iran,philosopher|ulema|politician,
Q1366566,male,Croatia|Serbia|Kingdom of Yugoslavia|Yugoslavia,athletics competitor|marathon runner|long-distance runner,
Q1366620,male,United States,politician|lawyer|writer,
Q1367004,male,Spain,association football player,
Q1367175,male,Spain,association football player,
Q1368067,male,United States,sprinter,
Q1370055,male,Sweden,association football player,
Q1370110,male,Sweden,association football player|association football coach,
Q1371187,male,United States,jazz pianist|recording artist|composer,
Q1371409,male,United States,music journalist|music historian|essayist|children's writer|novelist|music critic|journalist|columnist|historian|record producer|composer|writer,
Q1373305,male,Italy,Catholic bishop|Catholic priest,
Q1374327,male,United States|Czech Republic|Czechoslovakia,film screenwriter|director|theatre director|film director|university teacher|screenwriter|photographer,
Q1375144,male,France,cartoonist|illustrator|comics artist,
Q1375290,male,Kingdom of the Netherlands,professional wrestler|amateur wrestler|judoka,
Q1375634,male,Mexico,association football player,
Q1376944,male,Sweden,association football player,
Q1379791,male,Kingdom of Denmark,novelist|poet|writer,
Q1379980,male,United States,director|film director|camera operator|cinematographer|actor|screenwriter,
Q1380152,male,Poland|France,association football player,
Q1380371,male,Israel,philosopher|university teacher,
Q1381301,male,Russia|Soviet Union,athletics competitor,
Q157921,male,Germany|German Democratic Republic,university teacher|conductor,Parkinson's disease
Q158250,male,United States,film historian|prose writer|television actor|film actor|film editor|film critic|film producer|director|journalist|film director|camera operator|screenwriter|actor|writer,Parkinson's disease
Q151872,male,Israel,short story writer|children's writer|linguist|essayist|novelist|journalist|pedagogue|university teacher|translator|poet|writer,cancer
Q165894,male,United States|Australia,swimmer|lawyer|judge,cancer
Q167475,male,France,non-fiction writer|film actor|film critic|film director|director|journalist|cinematographer|writer|actor|screenwriter,Alzheimer's disease
Q1435905,male,United Kingdom,producer|opera director|director|theatre director|film director|television presenter|neurologist|physician|writer|actor,Alzheimer's disease
Q1530222,male,Spain,film director|screenwriter,Alzheimer's disease
Q1545256,male,Spain,association football player,Alzheimer's disease|COVID-19
Q16389,male,United States|United Kingdom,university teacher|electrical engineer|executive|inventor|physicist|entrepreneur|scientist,Alzheimer's disease
Q1545410,male,United States,film actor|television actor|stage actor|actor,cancer|stomach cancer
Q1568274,male,Namibia|Union of South Africa,researcher|minister|politician,cancer
Q1618162,male,Australia,sport cyclist,cancer
Q14257286,male,Pakistan|British Raj,entrepreneur|politician,cancer
Q16019,male,Germany,jurist|politician|lawyer,cancer
Q162667,male,United States,film actor|guitarist|television presenter|singer|composer|actor,Alzheimer's disease
Q166534,female,Australia,athletics competitor|sprinter,multiple sclerosis
Q1563415,male,Czech Republic,association football player,traffic collision
Q15628628,male,Brazil,association football player,traffic collision
Q15567,male,Jamaica,athletics competitor,traffic collision|major trauma
Q1567027,male,United States,television actor|film actor|film producer|actor|screenwriter,Parkinson's disease
Q15994359,female,United States,geneticist|botanist|biologist|university teacher,Parkinson's disease
Q140144,male,Pakistan|British Raj,politician,myocardial infarction
Q143172,male,Israel,opinion journalist|journalist|educator|poet|politician|writer,myocardial infarction
Q163055,male,Germany|German Democratic Republic,swimmer|surgeon,myocardial infarction
Q163593,female,United States,recording artist|television actor|singer-songwriter|musician|singer|actor,myocardial infarction
Q16202958,male,United States|Mexico,pornographic actor|actor,myocardial infarction
Q145627,male,United States,television actor|trade unionist|stage actor|film actor|diplomat|military officer|politician|actor,pneumonia
Q157224,male,United States,molecular biologist|biochemist|chemist,pneumonia
Q1673706,male,Japan|Empire of Japan,researcher|physicist|professor|engineer,pneumonia
Q15988,male,Luxembourg,politician,pneumonia
Q151773,male,Greece|Kingdom of Denmark|Kingdom of Greece,sailor|monarch,stroke|multiple organ dysfunction syndrome
Q156781,male,Portugal,politician|lawyer|writer,stroke
Q1528727,male,Italy|United Kingdom,association football player,stroke
Q1585313,male,France,television actor|film actor|film producer|stage actor|author|dramaturge|actor|screenwriter,stroke
Q154269,male,Russia,military aviator|air force officer|explorer|painter|fighter pilot|airman|writer|astronaut,diabetes
Q16345,male,United States,television actor|film actor|acting instructor|film producer|film director|voice actor|director|musician|poet|writer|actor|photographer|screenwriter,chronic obstructive pulmonary disease
Q1398518,male,Armenia|Soviet Union,weightlifter,pulmonary embolism
Q1638933,male,Iran|Pahlavi Iran,poet,kidney failure
Q1668864,male,France,television actor|film actor|film editor|director|film producer|stage actor|screenwriter,kidney failure
Q16597,male,People's Republic of China|Republic of China,electrical engineer|politician,leukemia|multiple organ dysfunction syndrome
Q15068349,male,Russia|Soviet Union,diplomat|politician,gunshot wound
Q151935,female,United States,television producer|actor,colorectal cancer
Q16145201,male,United States,vlogger|YouTuber|Internet celebrity|firefighter,liver cirrhosis
Q163742,male,Chile,soccer commentator|association football player|association football coach,lung cancer
Q158340,male,Russia|Latvia|Soviet Union,music educator|conductor,heart disease
Q1457192,male,Panama,association football player,cardiac arrest
Q1522527,female,Pakistan,human rights defender|lawyer,cardiac arrest
Q1652493,female,India,politician|lawyer,cardiac arrest
Q151976,male,Greece,songwriter|politician|composer,cardiac arrest
Q159045,male,Germany,association football player|association football coach,cardiac arrest
Q167116,male,El Salvador,association football player|association football coach,cardiac arrest
Q157250,male,United Kingdom,university teacher|chemist|scientist,amyotrophic lateral sclerosis
Q167225,male,Lithuania|Soviet Union,association football player,amyotrophic lateral sclerosis
Q1508952,male,Australia,tennis player,prostate cancer
Q14770921,female,Ukraine,women's rights activist|painter,hanging to death
Q1584789,male,Poland,film director|opinion journalist|director|theatre director|politician|actor|screenwriter,respiratory failure
Q1396524,male,Russia|Soviet Union,painter,heart failure
Q1398547,male,United States,university teacher|mathematician|computer scientist,heart failure
Q150943,male,United States,stage actor|novelist|film actor|racing automobile driver|voice actor|military officer|military personnel|writer|actor,hypertensive heart disease|coronary artery disease
Q153717,male,United States|United Kingdom,theoretical physicist|nuclear physicist|statistician|university teacher|mathematician|physicist,falling from height
Q159436,female,United States,film actor|model|journalist|pornographic actor|actor,drug overdose
Q164106,male,Hungary,opinion journalist|composer|writer,pancreatic cancer
Q151729,male,İslamköy,politician|engineer,respiratory disease
Q16208694,female,United States,sprinter|long jumper|athletics competitor,obstetric labor complication
Q16250142,male,Egypt|Republic of Egypt|United Arab Republic,mechanical engineer|politician,gastrointestinal system disease
Q153355,male,France,criminal|joiner|serial killer,respiratory failure
Q156780,male,Portugal,jurist|politician|lawyer,respiratory failure
Q151435,female,Spain,recording artist|opera singer,infectious disease
Q156379,male,Russia,statesperson|politician|scientist,surgical complications
Q167211,male,Peru,sociologist|jurist|politician|lawyer|writer,shot to the head
Q1662316,male,United States,television actor|film actor|stage actor,heart failure
Q1398256,male,France,television actor|film actor|film director|director|actor|screenwriter,anaphylactic shock
Q1399671,male,United States,philosopher|theologian|writer,Spinal cord cancer
Q1442881,male,Sweden,professional wrestler|amateur wrestler,surgical complications
Q1562861,male,United States,television actor|film actor|theatre director|stage actor|actor,colorectal cancer
Q166159,male,United Kingdom,screenwriter|actor,frontotemporal dementia
Q153753,male,Canada|United States,university teacher|educator|psychologist,heart failure
Q164309,female,Russia|Soviet Union,prose writer|journalist|human rights defender|poet|writer,heart failure
Q165706,male,Lithuania|Russia|Germany|Soviet Union,music educator|librettist|university teacher|film score composer|pianist|composer,heart failure
Q1398571,male,Spain,recording artist|film director|director|painter|songwriter|singer|poet|composer|actor|screenwriter,COVID-19
Q1453045,male,Mexico,musician|singer-songwriter|pianist|record producer|singer|composer|actor,COVID-19
Q1566335,male,United States,television actor|librettist|playwright|writer|screenwriter,COVID-19
Q16052285,male,Iran|Pahlavi dynasty,politician,COVID-19
Q16053060,male,Iran|Pahlavi dynasty,diplomat|politician,COVID-19
Q16529407,male,France,Formula Two driver|racing automobile driver,car collision
Q150851,male,United States,army officer|diplomat|politician,COVID-19
Q152929,male,United States,rock musician|singer-songwriter|guitarist|singer|record producer|actor,COVID-19
Q1399007,male,United States,astronomer,liver failure
Q1464,male,Philippines,economist|politician,diabetic nephropathy
Q151813,male,South Africa,minister|politician|lawyer,mesothelioma
Q152378,male,United Arab Republic|Occupied Palestinian territories|Palestine,politician,bomb attack
Q144391,female,India|British Raj,short story writer|novelist|human rights defender|educator|poet|writer,multiple organ dysfunction syndrome
Q156347,female,India,film actor|film producer|playback singer|film score composer|singer,multiple organ dysfunction syndrome
Q162005,male,United States,co-founder|philanthropist|art collector|programmer|film producer|investor|television producer|musician|record producer|inventor|entrepreneur|computer scientist|businessperson|composer,non-Hodgkin lymphoma|septic shock
Q16052349,male,Iran|Pahlavi Iran,film producer|film director|film score composer|cinematographer|poet|screenwriter,pneumonitis
Q15147,male,Uruguay,journalist|politician|lawyer,cerebral hemorrhage
Q160157,male,United States,author|jurist|politician|lawyer,complication
Q140509,female,South Africa,songwriter|singer,
Q141147,male,United States|Second Polish Republic,biochemist|endocrinologist|researcher|university teacher|physician,
Q144006,male,Italy,Catholic bishop|Catholic priest,
Q144719,male,India,jazz musician|film actor|percussionist|DJ producer|musician|record producer|composer|actor,
Q144735,male,Nigeria,association football player,
Q144828,,,,
Q146960,male,Hungary,water polo player|engineer|architect,
Q147036,male,Libya,politician,
Q149802,male,Argentina,museologist|paleontologist,
Q152335,male,Hungary,university teacher|statesperson|jurist|librarian|politician,
Q152369,male,Tunisia,diplomat|politician|lawyer,
Q153172,male,Greece,keyboardist|film score composer|musician|painter|record producer|composer,
Q153201,male,United States,university teacher|physicist,
Q153210,male,United States|Switzerland|Germany,university teacher|physicist,
Q153425,male,France,trade unionist|banker|official|economist|politician|mayor,
Q153469,male,Poland,music educator|musicologist|violinist|pedagogue|conductor|composer,
Q153579,male,United States,librettist|lyricist|songwriter|musician|dramaturge|poet|composer|screenwriter,
Q154104,male,Namibia,autobiographer|politician,
Q154421,male,United States,trade unionist|film producer|voice actor|comedian|politician|actor|screenwriter,
Q155390,male,Greece,university teacher|statesperson|jurist|economist|politician|lawyer,
Q155514,male,Georgia,athlete|judoka,
Q155712,male,United States|Germany,jazz musician|recording artist|music arranger|film score composer|songwriter|pianist|conductor|composer,
Q155773,male,Japan|Empire of Japan,researcher|professor|physicist,
Q155979,male,Russia|Soviet Union,activist|politician|lawyer,
Q156193,male,France,music theorist|musicologist|university teacher|musician|pianist|conductor|composer|writer,
Q156485,female,France,chansonnier|film actor|singer|actor,
Q156731,male,United States|Sweden,printmaker|draftsperson|performance artist|architectural draftsperson|designer|visual artist|sculptor|graphic artist|painter,
Q157026,,,,
Q157054,male,Italy,autobiographer|fashion designer|entrepreneur,
Q157268,male,United States,university teacher|economist|professor,
Q157293,female,United States,guitarist|musician|songwriter|singer-songwriter|singer|composer,
Q157313,female,France|Algeria,linguist|film director|historian|translator|professor|writer,
Q157690,female,United Kingdom,peace activist,
Q157959,male,Poland,literary scholar|prose writer|man of letters|linguist|critic|literary critic|translator|poet|writer,
Q158067,female,United Kingdom,activist|fashion designer|jewelry designer|university teacher|businessperson|photographer,
Q158080,female,Poland|Second Polish Republic|Polish People's Republic,installation artist|performance artist|textile artist|architectural draftsperson|athletics competitor|designer|university teacher|sculptor|painter|artist|teacher,
Q162892,male,Spain,association football player|association football coach,
Q165300,female,Sweden,beauty pageant contestant|model,
Q165668,female,Russia|Soviet Union,classical pianist|film score composer|composer,
Q166422,male,United Kingdom,film producer|stage actor|lighting designer|producer|film actor|television actor|actor,
Q166531,male,South Korea,association football player,
Q167318,male,France,art collector|designer|grand couturier|fashion designer|dressmaker|postage stamp designer|costume designer|businessperson,
Q1395915,male,United States,novelist|aircraft pilot|film director|airman|writer|screenwriter,
Q1397450,male,Kingdom of the Netherlands,nuclear physicist|children's writer|astrophysicist|politician|screenwriter,
Q1398697,male,Sweden,film director|journalist|writer,
Q1399146,male,Canada,painter|illustrator,
Q1399557,male,United States,film actor|television actor|voice actor|stage actor,
Q1406607,male,Italy,boxer,
Q1406623,male,Philippines,Catholic bishop|Catholic priest,
Q1411240,male,Spain,association football player|association football coach,
Q1441090,male,Italy|Kingdom of Italy,association football player,
Q1442402,male,Poland,film actor|television actor|stage actor|actor,
Q1442594,male,Iran,economist|minister|politician,
Q1444345,male,United States,science fiction writer|novelist|fantasy author|writer,
Q1479715,male,Bulgaria,association football player|association football coach,
Q1484216,male,United States,penciller|visual artist|illustrator|comics artist|screenwriter,
Q1501393,male,United States,director|film producer|film director|illustrator|animator|actor|screenwriter,
Q1507594,male,Italy,film actor,
Q1507954,male,United States,university teacher|mathematician,
Q1514187,male,Germany,physician,
Q1516734,male,United States,television actor,
Q1523584,male,United States,literary scholar|non-fiction writer|man of letters|literary critic|journalist|university teacher|writer,
Q1527940,male,Italy|Kingdom of Italy,association football player|association football coach,
Q1541053,female,United States,activist|feminist|non-fiction writer|philosopher|social activist|civil rights advocate|editor|politician|writer,
Q158092,male,Poland|United Kingdom,opinion journalist|philosopher|sociologist|university teacher|writer,
Q158133,male,Sweden,sports executive|industrialist|association football player|politician,
Q158370,male,Kingdom of the Netherlands,violinist|choir director|music director|conductor,
Q158477,,,,
Q158486,male,United States,naval aviator|autobiographer|naval officer|military flight engineer|fighter pilot|businessperson|astronaut,
Q158647,male,Kingdom of the Netherlands,association football player|association football coach,
Q159475,female,Kingdom of the Netherlands,presenter|autobiographer|radio personality|television presenter|singer|lawyer|actor|judge,
Q159648,male,Italy|Kingdom of Italy,philosopher|university teacher|politician|writer,
Q159681,male,Russia|Soviet Union,aircraft pilot|military officer|military personnel|astronaut,
Q159840,male,Kingdom of the Netherlands,peace activist|university teacher|diplomat|economist|entrepreneur|politician,
Q159913,male,Germany,politician|lawyer,
Q160058,male,Italy,concertmaster|pianist|musician|conductor|composer,
Q160783,male,France,novelist|children's writer|translator|writer,
Q162596,male,Mexico,Catholic bishop|Catholic priest,
Q162778,male,Haiti,novelist|painter|playwright|singer|politician|poet|writer|screenwriter,
Q1551535,male,Syria,Catholic bishop|Catholic priest,
Q1554720,male,United States|Latvia,university teacher|architect,
Q1556803,male,Mexico|Uruguay,film actor|television actor|film producer|actor,
Q1570092,male,United States,session musician|drummer,
Q1573338,male,Japan,association football player,
Q1583347,male,Kingdom of the Netherlands,journalist|jurist|politician,
Q1601636,male,Russia|Azerbaijan|Soviet Union,film screenwriter|film director|short story writer|prose writer|film producer|theatre manager|cinematographer|playwright|politician|writer|screenwriter,
Q1605788,male,Belgium,association football player|association football coach,
Q1606421,male,Portugal,association football player|association football coach,
Q1642898,female,Russia|Soviet Union,fencer,
Q1648367,male,Mexico,Catholic bishop|Catholic priest,
Q1659678,male,Iran|Pahlavi Iran,amateur wrestler|film actor,
Q1669800,male,Czech Republic|Czechoslovakia,radio editor|prose writer|opinion journalist|journalist|writer,
Q1673377,male,United States,weightlifter,
Q15102503,male,Kingdom of Denmark,politician|poet|writer,
Q15220604,male,Georgia|Soviet Union,military personnel|mujahid,
Q15516012,female,United States,activist|programmer|computer scientist,
Q15616513,male,Kingdom of the Netherlands,manager|inventor|engineer,
Q16089775,female,United States,dancer|film actor|singer|actor,
Q16202598,male,United States,stage actor|television actor|actor,
Q16745486,male,Ukraine|Soviet Union|Luhansk People's Republic,politician|military personnel,
Q1639,male,Senegal,sports executive|athletics competitor|association football coach|politician,
Q14043,male,United States,stockbroker|financier|banker|economist,
Q14697,male,Finland,ski jumper|referee|coach,
Q172877,male,United States|Germany|statelessness,physicist|astronomer,Alzheimer's disease
Q179269,female,United States,film actor|television actor|stage actor|voice actor|television director|actor,Alzheimer's disease
Q18301,male,People's Republic of China|Republic of China,politician,disease
Q1856563,male,United States,film actor|television actor|stage actor|actor,Alzheimer's disease
Q173020,male,France,Formula One driver|racing automobile driver|journalist|politician,Parkinson's disease
Q184841,female,Sweden,recording artist|songwriter|pianist|singer|composer,cancer|brain cancer
Q1684369,male,United States,film actor|television actor|film producer|radio personality|voice actor|actor|screenwriter,cancer
Q1691318,male,United States,dub actor|stand-up comedian|film actor|television actor|film producer|film director|voice actor|television director|television producer|comedian|actor|screenwriter,cancer
Q1701970,male,United States,film actor|social activist|musician|singer-songwriter|poet|actor,cancer
Q1703488,male,Russia|Soviet Union,film director|pedagogue,cancer|COVID-19
Q1775143,male,United States,stand-up comedian|television actor|film producer|voice actor|singer|comedian|actor|screenwriter,cancer
Q172728,male,United Kingdom,Formula One driver,disease
Q1756312,male,Russia|Soviet Union,journalist|politician,lung cancer
Q17163,male,Kingdom of the Netherlands,association football player|association football coach|coach,lung cancer
Q171469,male,New Zealand,Formula One driver|racing automobile driver,cancer
Q171722,male,United Kingdom,Formula One driver|racing automobile driver|aristocrat|politician,cancer
Q173244,male,United Kingdom,rally driver|Formula One driver,cancer
Q174438,female,United States|Czechoslovakia,autobiographer|foreign minister|opinion journalist|university teacher|political scientist|diplomat|ambassador|minister|politician|writer,cancer
Q177618,female,Kingdom of Denmark,singer|actor,cancer
Q179960,male,United States,television actor|film actor|stage actor|actor,cancer
Q183092,male,United States,country musician|recording artist|guitarist|singer-songwriter|singer,pneumonia
Q18378434,male,United Kingdom,voice actor|film actor|stage actor|television actor|television presenter|actor,pneumonia
Q16849,male,Finland,ski jumper|athlete|singer|politician,pneumonia|pancreatitis
Q170515,male,Egypt,non-fiction writer|bridge player|television actor|film actor|writer|actor,myocardial infarction
Q173834,male,Russia|Soviet Union,circus performer|director|mime artist|actor|screenwriter|clown,myocardial infarction
Q179695,male,France|Albania|Kosovo,translator|novelist|poet|writer,myocardial infarction
Q180602,female,Japan|Empire of Japan,film actor|stage actor|actor,myocardial infarction
Q181659,female,United States,women's rights activist|writer of feminist science fiction|science fiction writer|translator|prose writer|literary critic|novelist|children's writer|journalist|author|poet|writer|screenwriter,myocardial infarction
Q1740243,male,United States,film actor|film producer|film director|voice actor|stage actor,leukemia
Q1681105,male,United States,film actor|television actor|voice actor|actor,dementia
Q186111,male,Iran,akhoond|politician|entrepreneur|writer,myocardial infarction
Q1798588,female,United States,film actor|television actor|stage actor|actor,myocardial infarction
Q18117069,male,Vanuatu,Anglican priest|politician,myocardial infarction
Q18644113,male,Spain,humorist|comedian|actor,myocardial infarction
Q18111,male,People's Republic of China,economist|politician,myocardial infarction
Q185165,female,United Kingdom|Australia,recording artist|film actor|singer-songwriter|singer|composer|actor,breast cancer
Q1771279,female,United States|Iran,topologist|university teacher|mathematician,breast cancer
Q1837775,female,United States|United Kingdom,non-fiction writer|film producer|playwright|writer|screenwriter|actor,breast cancer
Q182658,female,United States,prose writer|novelist|poet lawyer|musician|writer|actor|screenwriter,stroke
Q184785,female,United States,novelist|writer|screenwriter,stroke
Q1685900,male,France,alpine skier|writer,stroke
Q185107,male,Argentina,politician|lawyer|businessperson,urinary tract infection
Q1706646,male,United States,television actor|film director|stage actor|writer|actor|screenwriter,pancreatic cancer
Q1758631,male,United States,lawyer|politician,pancreatic cancer
Q18066,male,Russia,presenter|children's writer|film producer|television presenter|playwright|engineer|poet|writer|screenwriter,prostate cancer
Q173175,male,Ireland,autobiographer|presenter|racing automobile driver|sports commentator|journalist|chief executive officer|merchant|entrepreneur|businessperson|writer,prostate cancer|bladder cancer
Q178112,male,United States,wind instrument player|saxophonist|jazz musician|recording artist|musician|composer,prostate cancer
Q169281,male,United States,printmaker|designer|jewelry designer|scenographer|postage stamp designer|sculptor|graphic artist|costume designer|painter|artist,respiratory failure
Q174547,male,United States,jazz musician|social worker|percussionist|singer-songwriter|singer,respiratory failure|pneumonia|seizure
Q171526,male,France,Formula One driver|racing automobile driver|motorcycle racer,stroke
Q168041,male,United States|Second Polish Republic,geopolitical analyst|strategist|film actor|critic|pedagogue|university teacher|political scientist|author,pneumonia
Q171466,male,United States,Formula One driver|racing automobile driver|engineer,pneumonia
Q173325,male,Finland,rally driver|racing automobile driver|Formula One driver,pneumonia
Q178628,male,Italy,association football player|politician,lung cancer
Q178713,male,Japan|Empire of Japan,film director|film producer|director|impresario|animation director|animator|translator|screenwriter,lung cancer
Q1785,male,France|Armenia,chansonnier|recording artist|film actor|film director|lyricist|diplomat|singer|poet|composer|actor|screenwriter,pulmonary edema|cardiac arrest
Q173098,male,Kingdom of Denmark,Formula One driver|racing driver|engineer,stomach cancer
Q176222,female,United Kingdom,autobiographer|showgirl|model,pulmonary emphysema
Q173296,male,Brazil,racing automobile driver|Formula One driver,cardiac arrest
Q181573,male,Russia|Soviet Union,essayist|novelist|journalist|poet|writer|screenwriter,cardiac arrest
Q168629,male,Democratic Republic of the Congo,minister|politician,pulmonary embolism
Q186316,male,Egypt|statelessness|Republic of Egypt|Kingdom of Egypt|United Arab Republic,surgeon|military leader|ulema,drone warfare
Q17612464,male,United Kingdom|Kuwait,programmer|warrior|executioner,drone warfare
Q171758,male,Canada|United States,producer|film screenwriter|memoirist|video game actor|television actor|film actor|film producer|director|television director|voice actor|comedian|writer|actor|screenwriter,drug overdose|drowning
Q172189,male,United Kingdom,Formula One driver|journalist|musician,cerebrovascular disease
Q173923,male,Serbia|Yugoslavia,association football player|association football coach,COVID-19
Q173538,male,United Kingdom,sports executive|race director,pulmonary embolism
Q18207540,female,British Empire|Jamaica,,heart failure
Q169303,cisgender man,Canada,politician|businessperson,liposarcoma
Q173238,male,Argentina,Formula One driver|agricultural producer|racing automobile driver|politician,cerebral hemorrhage
Q178375,male,Colombia,Catholic bishop|Catholic priest,heart failure
Q180338,male,United Kingdom,SOE agent|producer|orator|television actor|military officer|film actor|film producer|voice actor|stage actor|character actor|singer|military personnel|writer|actor,heart failure
Q17515,male,Argentina,association football player|association football coach|actor,cardiac arrest
Q183279,male,Russia|Soviet Union,inventor|physicist|politician,malignant hypertension
Q1826885,male,United States,producer|presenter|manufacturer|film actor|film producer|television actor|voice actor|executive producer|writer|screenwriter|actor,cerebrovascular disease
Q17488307,male,Ukraine|Soviet Union|Donetsk People's Republic,politician|military personnel,explosive device
Q17714,male,United Kingdom,theoretical physicist|cosmologist|writer,amyotrophic lateral sclerosis
Q181900,male,United States,comics editor|comics writer|science fiction writer|film actor|business executive|soldier|film producer|voice actor|executive producer|journalist|publisher|television presenter|editor|writer|screenwriter,acute myocardial infarction
Q184435,male,Israel,opinion journalist|political scientist|university teacher|historian,surgical complications
Q172252,male,Japan|Empire of Japan,Formula One driver|racing automobile driver|motorcycle racer,lymphoma
Q1709329,male,Spain,film producer|film director|writer|actor|screenwriter,arterial embolism
Q1750774,male,United States|United Kingdom,film actor|television actor|director|theatre director|stage actor|actor,brain cancer
Q184650,male,United States,military officer|author|diplomat|civil servant|politician|businessperson,multiple myeloma
Q1709475,female,Afghanistan,military personnel|politician,COVID-19
Q1824877,male,Brazil,association football player,COVID-19
Q1868688,male,United States,film actor|film producer|television actor|stage actor,COVID-19
Q16847056,male,Canada,musical theatre actor|actor,COVID-19
Q18161827,undisclosed gender|non-binary|trans woman,United Kingdom,chanteuse|musician|record producer|disc jockey|composer,fall from building
Q18384904,male,Kenya,hurdler|athletics competitor,car collision
Q167803,male,Italy|Kingdom of Italy,bioethicist|theologian|university teacher|Catholic bishop|Catholic priest|writer,
Q168015,male,Germany,musician|composer,
Q168023,male,United States,percussionist|musician|drummer|singer,
Q168440,male,Kingdom of the Netherlands,Catholic deacon|theologian|Catholic bishop|Catholic priest,
Q168567,male,South Korea,autobiographer|entrepreneur,
Q170380,male,Mongolia,paleontologist|geologist,
Q170597,male,Mali,military officer|politician,
Q171456,male,Spain,team manager|Formula One driver|racing automobile driver,
Q171462,male,France,Formula One driver|racing automobile driver|racing driver,
Q171481,male,United Kingdom,Formula One driver|racing automobile driver|racing driver,
Q171512,male,France,Formula One driver|racing automobile driver|engineer,
Q171572,female,Italy,Formula One driver,
Q171577,male,United Kingdom,Formula One driver,
Q171583,male,United Kingdom,autobiographer|association football player|association football coach|animator,
Q171672,male,Spain|Chile,essayist|short story writer|novelist|literary critic|journalist|diplomat|writer,
Q171783,male,United Kingdom,Formula One driver,
Q172091,male,Australia,Formula One driver|racing automobile driver,
Q172100,male,United States,Formula One driver|racing automobile driver,
Q172174,male,France,rugby union player|rugby league player|rower|Formula One driver|racing automobile driver|motorcycle racer|businessperson,
Q172187,male,Belgium,Formula One driver|racing automobile driver|engineer,
Q172231,male,Italy,Formula One driver|racing automobile driver,
Q172259,male,United Kingdom,Formula One driver|businessperson,
Q172262,male,Sweden,Formula One driver|racing automobile driver|engineer,
Q172264,male,Sweden,Formula One driver|racing automobile driver|drummer,
Q172273,male,United Kingdom,Formula One driver|racing automobile driver|racing driver,
Q172285,male,Canada,Formula One driver|racing driver|engineer,
Q172306,male,Portugal,association football coach|association football player,
Q172309,male,United Kingdom,Formula One driver|racing automobile driver|mechanical engineer,
Q172322,male,United States,Formula One driver|racing automobile driver,
Q172335,male,Brazil,Formula One driver|racing automobile driver|engineer,
Q172487,male,South Africa,Formula One driver|racing automobile driver,
Q172496,male,United States,Formula One driver|racing automobile driver,
Q172531,male,Sweden,Formula One driver|racing automobile driver|racing driver|engineer,
Q172653,female,United Kingdom,actor,
Q172658,male,Kingdom of the Netherlands,sport shooter|Formula One driver|racing driver|businessperson,
Q172840,male,United States,non-fiction writer|theoretical physicist|physicist,
Q173084,male,France,Formula One driver|racing automobile driver|engineer,
Q173214,male,United Kingdom,sporting director|engineer|businessperson,
Q173246,male,United Kingdom,team manager|racing automobile driver|barrister|politician,
Q173349,male,Italy,racing automobile driver|Formula One driver,
Q173443,male,Italy,racing automobile driver|Formula One driver,
Q175277,male,Germany,saxophonist|jazz musician|recording artist|brass player|musician|clarinetist,
Q175695,male,Russia,journalist|association football player|association football coach,
Q176413,male,Guinea-Bissau,politician,
Q176643,male,United Kingdom,university teacher|economist,
Q176696,male,Mexico,association football player,
Q177182,male,Ecuador,university teacher|politician|architect,
Q177255,male,Italy,university teacher|Esperantist|theologian|Catholic bishop|Catholic priest|archbishop,
Q177310,male,France|Russia|Soviet Union,chess player,
Q178016,male,Russia,athletics competitor,
Q178073,male,Germany,association football player,
Q178225,female,Ireland,short story writer|novelist|biographer|playwright|poet|writer|screenwriter,
Q179201,male,India,science fiction writer|university teacher|astrophysicist|astronomer,
Q179282,male,United States,theoretical physicist|university teacher|cosmologist|physicist|writer,
Q179572,male,United States,university teacher|cosmologist|astrophysicist|astronomer|physicist,
Q179735,male,Hungary,university teacher|economist,
Q180499,male,United States|Poland,air force officer|military aviator|military flight engineer|astronaut|aircraft pilot|test pilot,
Q180626,male,People's Republic of China|British Hong Kong,newspaper proprietor|science fiction writer|political activist|novelist|film director|journalist|writer|screenwriter,
Q1687170,male,Kingdom of Denmark,physiologist|university teacher|chemist|autobiographer|biochemist,
Q1687792,male,United States,film actor|television actor|theatre director|stage actor|dramaturge,
Q1688598,male,Spain,Islamicist|university teacher|theologian|arabist|Catholic bishop|Catholic priest|missionary|historian|writer,
Q1691628,male,United States,film actor|television actor|actor,
Q1691828,male,United Kingdom,association football player|association football coach|writer,
Q1707608,male,United States,non-fiction writer|anthropologist|author|historian|writer,
Q1715097,male,Poland,Catholic deacon|Catholic bishop|Catholic priest|archbishop,
Q1716957,male,United Kingdom,athletics competitor,
Q1733256,male,Russia|Soviet Union,politician,
Q1738407,male,Dominica,Catholic bishop|Catholic priest,
Q1738578,male,United States,television actor|dancer|stage actor|singer|comedian,
Q1750617,female,Russia|Soviet Union,film actor|actor,
Q1764117,male,United Kingdom,association football player|association football coach,
Q1765863,male,United States,university teacher|historian|writer,
Q1775704,male,United Kingdom,journalist|association football player|association football coach,
Q1776790,male,United Kingdom,dancer|motorcycle racer|songwriter|musician|singer|entrepreneur,
Q1783424,male,Sweden,speed skater,
Q1790288,male,United States,weightlifter|inventor|dentist,
Q1791448,male,India|Dominion of India|British Raj,journalist|columnist|author|diplomat|politician|writer,
Q1800396,male,Italy,boxer|film actor|television presenter|actor,
Q1805442,male,United States,cabaret performer|dancer|television actor|voice actor|comedian|singer|actor,
Q1825388,male,Japan,association football player,
Q1826458,male,Ukraine|Soviet Union,association football player|association football coach,
Q1847082,male,United States,film actor|television actor|actor,
Q180886,male,France|Mauritania,dub actor|film producer|film director|actor|screenwriter,
Q180893,male,United States,university teacher|philosopher,
Q180926,male,Brazil,association football player,
Q182372,female,United States,film actor|television actor|actor,
Q182408,female,United Kingdom,film actor|stage actor|politician|actor,
Q182609,male,Belgium,rugby union player|surgeon|politician|physician,
Q182642,male,United States,film actor|television actor|manager|aircraft pilot|test pilot|musician|military officer|politician|businessperson|screenwriter|astronaut,
Q183679,male,United States|Taiwan|Republic of China,theoretical physicist|university teacher|physicist,
Q184566,male,United States,nuclear physicist|university teacher|inventor|physicist,
Q186236,male,Hungary,fencer,
Q186481,male,United States|Italy|Kingdom of Italy,visual artist|university teacher|astrophysicist|astrologer|physicist|astronomer,
Q1676314,male,Czech Republic|Czechoslovakia,association football player,
Q1677936,male,France,film actor|film producer|stage actor|painter|actor,
Q1680534,male,United States,astrophysicist,
Q1684856,male,France,audiobook narrator|film editor|film director|actor|screenwriter,
Q1685859,male,France,magistrate|politician,
Q1685888,male,France,film screenwriter|prose writer|film critic|director|film director|writer|screenwriter,
Q18391,male,United States|Israel|Kingdom of Romania|statelessness|Kingdom of Hungary,playwright|translator|writer|architect|political activist|autobiographer|humanist|novelist|Judaic scholar|philosopher|journalist|university teacher|association football player,
Q1848877,male,Estonia|Soviet Union,diplomat|politician,
Q1860448,male,France,circus performer|film actor|visual artist|film director|comedian|writer|screenwriter|actor|clown,
Q16980141,female,Montenegro|Serbia|Serbia and Montenegro|Socialist Federal Republic of Yugoslavia,cultural activist|theatre manager|journalist|columnist|dramaturge,
Q17320405,male,Senegal,head of government|minister|politician|engineer,
Q17447265,female,Estonia|Soviet Union,printmaker|graphic artist|painter|artist,
Q17523911,female,Romania,singer|lawyer,
Q18066676,male,Russia,military personnel,
Q18344675,male,Ukraine,military personnel,
Q18352991,male,Zambia,minister|politician|lawyer,
Q16981,male,Finland,ski jumper,
Q17104,male,Finland,ski jumper,
Q192465,male,United States,recording artist|jazz musician|pianist|composer,cancer
Q202168,male,Japan|Empire of Japan,theoretical physicist|physicist|professor,cancer
Q203205,male,United States,television actor|film actor|voice actor|stage actor|actor,cancer|multiple myeloma
Q1904913,male,United States,university teacher|economist|professor,cancer
Q187516,male,United States,university teacher|historian|businessperson|politician,Parkinson's disease
Q202385,male,United Kingdom,television actor|playwright|poet|writer|screenwriter,Parkinson's disease
Q19518278,male,Portugal,association football player,traffic collision
Q19787968,male,Qatar,athletics competitor,traffic collision
Q1980296,male,Russia,music educator|public figure|singer|politician,cancer
Q1999598,male,Canada|United Kingdom,visual artist|film producer|film director|painter|animator|screenwriter,cancer
Q19646809,female,Malta,investigative journalist|activist|blogger|chronicler|journalist,car bomb
Q191966,male,United States,film screenwriter|producer|film actor|television actor|film director|director|film producer|stage actor|comedian|singer|actor|writer|screenwriter,Alzheimer's disease
Q200460,female,United States,film actor|television actor|stage actor|actor,disease
Q1930832,male,France,association football player|association football coach,disease
Q1957066,male,Mozambique,minister|politician,disease
Q2014379,male,Italy|Kingdom of the Netherlands,football agent,disease
Q191084,male,United States,film actor|television actor|stage actor|voice actor|actor,pneumonia
Q202729,male,United States,recording artist|singer-songwriter|pianist|singer|composer,pneumonia
Q203545,male,Ireland|United Kingdom,television actor|film actor|voice actor|stage actor|actor,pneumonia
Q206421,male,Greece,swimmer|politician|lawyer,pneumonia
Q209641,male,Ireland|United Kingdom,spy|novelist|film producer|writer|actor|screenwriter,pneumonia
Q188120,male,Japan|United States,theoretical physicist|researcher|physicist|professor,myocardial infarction
Q188128,male,United States|Russia|Soviet Union,university teacher|physicist,myocardial infarction
Q200470,male,United States,biophysicist|biochemist|university teacher|chemist,myocardial infarction
Q206685,male,France,draftsperson|comics artist|colorist|illustrator|painter|visual artist|film director|screenwriter,myocardial infarction
Q208797,male,United States,trumpeter|recording artist|jazz musician|saxophonist|composer,myocardial infarction
Q208834,male,Haiti,politician,myocardial infarction
Q208879,male,Iceland,diplomat|politician,myocardial infarction
Q1949286,male,Israel,film producer|film director|screenwriter,pneumonia
Q18951229,female,United States,film actor|model|singer,pneumonia|intoxication
Q1968358,male,Russia|Soviet Union,rapper|singer|poet,myocardial infarction
Q1982523,male,United States,autobiographer|novelist|choreographer|ballet dancer|mime artist,myocardial infarction
Q2018066,male,Belgium,association football player,myocardial infarction
Q19045,male,United States|Mexico,university teacher|chemist|engineer,myocardial infarction
Q1996140,male,Ukraine|Soviet Union,human rights defender|diplomat|politician|writer,stroke
Q18762,male,United States,autobiographer|military flight engineer|aircraft pilot|test pilot|astronaut,stroke
Q207598,female,United States,autobiographer|director|television actor|film actor|stage actor|television producer,breast cancer
Q188969,male,United States,pianist|guitarist|singer-songwriter|record producer|singer|composer,stroke|diabetes
Q2051128,male,United States,film actor|television actor|film director|voice actor|comedian|actor|screenwriter,leukemia
Q201569,male,United States,film actor|television actor|voice actor|stage actor|singer,leukemia
Q192695,male,United States,particle physicist|university teacher|physicist,dementia
Q2049688,male,India,recording artist|film producer|playback singer|singer|composer|actor,cardiac arrest|COVID-19
Q2082089,male,United Kingdom,autobiographer|singer-songwriter|singer|composer,cardiac arrest
Q193982,female,Ireland,singer-songwriter,chronic obstructive pulmonary disease|asthma|respiratory tract infection
Q205242,male,Tibet,film actor|writer|actor,colorectal cancer
Q2064734,male,Turkey,film producer|actor,lung cancer
Q2065090,male,Poland,university teacher|politician|lawyer,stabbing
Q2004409,male,United States,film actor|television actor|film producer|actor|screenwriter,heart failure
Q1919797,male,Japan|Empire of Japan,teacher of higher education|association football player|association football coach,heart disease
Q2071,male,United States,film screenwriter|producer|television actor|film editor|film actor|visual artist|director|film producer|voice actor|film director|painter|lyricist|songwriter|musician|cinematographer|animator|composer|writer|actor|photographer|screenwriter,pulmonary emphysema|emphysema
Q187019,male,United States,science fiction writer|essayist|novelist|university teacher|poet|writer|screenwriter,heart failure
Q189987,male,United States|Kingdom of the Netherlands,theoretical physicist|university teacher|physicist,heart failure
Q192106,male,United States,university teacher|physicist,heart failure
Q193426,female,United States,autobiographer|film actor|television actor|stage actor|politician|lawyer|businessperson|actor,heart failure
Q2034898,female,Ukraine|Soviet Union,linguist|language activist|philologist|pedagogue|university teacher|politician,gunshot wound
Q2073970,male,United States,activist|rapper|songwriter|entrepreneur|gangster|actor,gunshot wound
Q1929070,male,United Kingdom,association football player|television presenter,skin cancer
Q202449,male,United States,film actor|television director|television actor|voice actor|comedian|singer|conductor|actor,bladder cancer
Q202148,male,United States,producer|American football player|film actor|television actor|director|film producer|film director|voice actor|singer|businessperson|writer|actor|screenwriter,cardiac arrest
Q207405,female,United States|Austria–Hungary,beauty pageant contestant|television actor|film actor|stage actor|socialite|actor,cardiac arrest
Q2033344,male,United States,string player|songwriter|guitarist|singer-songwriter|singer|composer,bladder cancer
Q2038656,male,India,film actor|television actor|film producer|politician,bladder cancer
Q18935559,male,Jordan,air force officer,death by burning
Q1965002,male,Russia|Soviet Union,presenter|humorist|satirist|television presenter|mechanic|engineer|writer|actor|screenwriter,prostate cancer
Q1975172,male,United Kingdom|Australia,estrada artist|film director|painter|television presenter|songwriter|singer|entertainer|composer|actor,frailty syndrome|head and neck cancer
Q2003575,female,India,television actor|actor,hanging to death
Q2095228,male,Australia,athletics competitor,prostate cancer
Q19198,male,United States,rock singer|songwriter|musician|singer|actor,hanging to death
Q1944867,male,Kingdom of the Netherlands,crime journalist|rally driver|program maker|columnist|journalist|television presenter|television producer|actor|screenwriter,shot to the head
Q2080069,male,United States,pop singer|dancer|musician|singer-songwriter|singer|composer,surgical complications
Q18992,male,United States,television actor|film actor|actor,surgical complications
Q20235,male,Germany,yodeler|film actor|guitarist|singer|writer,multiple organ dysfunction syndrome
Q19559884,female,Canada,model|pornographic actor,asphyxia
Q192667,male,Panama,drug lord|politician|military personnel|military engineer,cerebral hemorrhage
Q193492,male,Kenya,politician|minister,multiple organ dysfunction syndrome
Q204815,male,United States,artificial intelligence researcher|university teacher|mathematician|computer scientist,cerebral hemorrhage
Q194280,male,United States,nightclub owner|activist|philanthropist|political activist|film actor|television actor|editor|publisher|voice actor|socialite|film producer|journalist|executive producer|entrepreneur|actor|writer,sepsis
Q190628,female,United States,politician|president,pulmonary emphysema
Q1992645,male,Saudi Arabia,Islamic jurist|human rights defender,decapitation
Q20830260,male,Syria,archaeologist|curator|historian|professor,decapitation
Q19242,male,United States,air force officer|aircraft pilot|diplomat|entrepreneur|engineer|astronaut,airplane crash
Q1974277,male,Australia,snowboarder,drowning
Q2046283,male,Indonesia,university teacher|civil servant|translator|poet,organ dysfunction
Q205345,male,Japan|Empire of Japan,organic chemist|marine biologist|biochemist|university teacher|chemist,senility
Q193645,male,United States,jazz trumpeter|humanitarian|music executive|jazz musician|trumpeter|bandleader|television producer|film producer|songwriter|music arranger|pianist|record producer|singer|conductor|composer,pancreatic cancer
Q200405,male,United Kingdom,video game actor|explorer|film actor|television actor|character actor|voice actor|stage actor|actor,pancreatic cancer
Q200760,male,United States,lecturer|consultant|physician writer|psychologist|writer,pancreatic cancer
Q200015,male,Russia,politician|military personnel|lawyer,septic shock|COVID-19|pulmonary edema
Q209586,male,United States,jazz musician|songwriter|pianist|singer|composer,organ dysfunction
Q1966992,male,Russia,film actor|television actor|actor,thromboembolism
Q1967525,male,Russia,television actor|conferencier|singer|actor,thromboembolism
Q190523,male,Canada,film actor|television actor|stage actor|voice actor|character actor|actor,falling from height
Q192474,male,United Kingdom,rock singer|recording artist|guitarist|rock musician|jazz guitarist|songwriter|record producer|composer,bacterial meningitis
Q204640,male,Spain,association football player,train collision
Q208582,male,Japan,video game artist|film director|character designer|art director|illustrator|mangaka|television producer|screenwriter|writer,acute subdural hematoma
Q194881,male,United States,film actor|television actor|comedian,surgical complications
Q204369,female,South Africa,activist|diplomat|poet,Coronavirus
Q19872361,female,United Kingdom,politician,stab wound
Q189575,male,Romania,non-fiction writer|activist|revolutionary|design engineer|propagandist|politician|engineer|writer,lung cancer
Q193346,male,Sweden,crime fiction writer|human rights defender|film director|children's writer|playwright|screenwriter|writer,lung cancer
Q1890361,male,United States,Russian studies scholar|journalist|university teacher|historian|writer,lung cancer
Q1968297,male,India,film actor|stage actor|poet|composer|writer|actor,COVID-19
Q2035589,male,Sweden,writer|actor,COVID-19
Q20049447,male,Jordan|Palestine,military leader|politician,drone warfare
Q201470,male,Canada,physicist|university teacher,
Q201550,male,Israel|Mandatory Palestine,scientific collector|ornithologist|university teacher|biologist|zoologist,
Q202140,male,United States,autobiographer|university teacher|chemist,
Q202146,male,France,researcher|chemist,
Q202149,male,Kingdom of the Netherlands,theoretical physicist|university teacher|physicist,
Q202443,female,Japan|Empire of Japan,political scientist|university teacher|diplomat,
Q202584,male,United States,basketball coach|basketball player|engineer,
Q202863,female,Serbia,historian|political commissar|politician,
Q203215,male,Sweden|France,director|television actor|film actor|film director|stage actor|actor,
Q203960,male,United States,television actor|film actor|voice actor|stage actor|actor,
Q204385,male,United Kingdom,guitarist|musician|record producer,
Q204487,male,Tunisia|French protectorate of Tunisia,diplomat|politician,
Q206460,male,United States,political scientist|university teacher|economist,
Q206499,male,United States,nuclear physicist|university teacher,
Q206719,male,Benin,statesperson|politician|military personnel,
Q206856,female,Ireland|United States|United Kingdom,television actor|film actor|film producer|voice actor|character actor|stage actor|television producer|singer|screenwriter|writer|actor,
Q207076,female,France,ballet dancer|vedette|singer|actor,
Q188357,male,Canada,philosopher|historian|professor,
Q189728,male,Poland,Catholic deacon|lecturer|university teacher|Catholic bishop|Catholic priest,
Q189732,male,Poland|Ukraine|Soviet Union,film actor|economist|politician,
Q189990,male,United Kingdom,university teacher|astrophysicist|physicist|astronomer,
Q190626,male,United Kingdom,molecular biologist|biophysicist|biochemist|university teacher|chemist,
Q190770,male,United States,theoretical physicist|university teacher|physicist|writer,
Q191819,male,United Kingdom|United Kingdom of Great Britain and Ireland,music arranger|musician|record producer|conductor|audio engineer|composer,
Q192112,male,United Kingdom,particle physicist|theoretical physicist|university teacher|physicist,
Q192359,male,Brazil,recording artist|guitarist|jazz musician|jazz guitarist|songwriter|musician|singer|composer,
Q192556,male,United Kingdom,barrister|politician|university teacher,
Q192592,male,United States,statistician|political scientist|university teacher|economist|teacher|writer,
Q192603,male,Hungary|United States,university teacher|chemist,
Q192688,male,Norway|United States,university teacher|engineer|physicist|scientist,
Q192749,male,France,association football player|association football coach,
Q193496,male,United States,nuclear physicist|university teacher|physicist,
Q193630,male,United Kingdom,politician,
Q193687,female,Switzerland,dancer|singer|actor,
Q194000,male,Estonia|Soviet Union,agricultural scientist|politician|university teacher,
Q195396,male,United Kingdom,film actor|television actor|stage actor,
Q198346,female,United States,feminist|philosopher|environmentalist|theologian|university teacher|writer,
Q1969431,male,Slovenia,essayist|cultural critic|literary critic|sociologist|editor|translator|poet|writer,struck by vehicle
Q2052002,male,United States,television actor|actor,brain cancer
Q20740852,male,United Kingdom,blogger|philosopher|university teacher|music critic|writer|cultural studies scholar|theorist,
Q207166,male,Yugoslavia|Croatia,association football player|association football coach,
Q207358,male,Brazil,water polo player|swimmer|politician|lawyer,
Q208258,female,France,singer,
Q208356,male,United Kingdom,topologist|university teacher|mathematician,
Q208670,male,Australia,microbiologist|pathologist|researcher|university teacher|physician,
Q208681,male,United States,recording artist|film actor|voice actor|guitarist|singer-songwriter|military personnel|singer|composer|actor,
Q1894125,male,United States,guitarist|musician|singer-songwriter,
Q1895804,male,United States,basketball player|law clerk|politician|lawyer,
Q1900170,male,Russia,chess coach|chess player|coach|writer,
Q1900836,male,Slovenia,association football player|association football coach,
Q1905931,male,Spain,association football player,
Q1913939,male,Germany,entrepreneur,
Q1918218,female,Mexico,theatre entrepreneur|television actor|film actor|stage actor|film director|author|singer|politician|actor,
Q1936300,male,United States,jazz musician|recording artist|radio personality|pianist|musician,
Q1951952,male,South Africa,LGBTQ rights activist|imam,
Q1962550,male,Russia,actor,
Q1963481,male,Kazakhstan|Soviet Union,politician,
Q1964037,male,Russia|Soviet Union,memoirist|theatre director|singer|poet|actor,
Q1964136,female,Russia|Soviet Union,speed skater,
Q1964661,male,Russia|Soviet Union,mind gamer|rock musician|guitarist|film score composer|multi-instrumentalist|lyricist|singer-songwriter|singer|poet|composer|actor,
Q1970048,male,Russia|Soviet Union,film actor|university teacher|statesperson|politician,
Q1974920,male,France,television actor|film actor|director|film director|actor|screenwriter,
Q1979276,male,Ukraine|Soviet Union,literary scholar|philologist|literary critic|opinion journalist|university teacher|human rights defender|politician|writer,
Q1981523,male,Russia|Soviet Union,cardiologist|university teacher|politician|physician,
Q1983805,male,Russia|Soviet Union,dub actor|director|theatre director|film director|singer|politician|actor|screenwriter,
Q1989768,male,Bulgaria,association football player,
Q1996640,male,Spain,association football player,
Q1999640,male,United States,film actor|television actor|theatre director|film producer|film director|voice actor|stage actor|television producer|actor,
Q1999847,male,Spain,association football player|association football coach,
Q2004991,male,Bulgaria,association football player|association football coach,
Q2006202,male,Lithuania|Soviet Union,athletics competitor,
Q2006606,male,Uruguay,association football player|association football coach,
Q2011217,female,Ukraine|Soviet Union,singer|actor,
Q2014245,female,United States,basketball coach|basketball player,
Q2018516,male,Georgia|Soviet Union,politician,
Q2020488,female,United States|Pakistan|British Raj,novelist|writer|screenwriter,
Q2026032,male,United Kingdom,banker|politician,
Q2026222,male,Belarus|Soviet Union,diplomat|politician|military personnel,
Q2028076,male,Russia|Germany|Soviet Union,songwriter|lyricist|singer|audio engineer|poet|composer,
Q2029666,male,Sultanate of Zanzibar,politician,
Q2045965,female,India|British Raj,novelist|autobiographer|poet|writer,
Q2046855,male,Kingdom of Denmark,artist|politician|teacher,
Q2063878,male,Croatia|Socialist Federal Republic of Yugoslavia,association football player,
Q2065707,male,United Kingdom|Australia,film director|stage actor|film actor|television actor|actor,
Q2066848,male,Belarus|Russia|Soviet Union,television journalist|presenter|human rights defender|journalist|television presenter|editing staff|editor-in-chief,
Q2072385,male,Qatar,politician,
Q2073498,male,Turkey|Syria,aristocrat,
Q2076016,male,United States,film actor|television actor|stage actor|actor,
Q2086893,male,Australia,blood donor|dog breeder,
Q2094707,male,Lebanon,university teacher|economist|diplomat|politician,
Q2096033,male,Argentina,association football player|association football coach,
Q19361202,male,United States|Bangladesh,biomedical engineer|activist|blogger|mechanical engineer|writer,
Q19805029,male organism,,,
Q19817635,male,Russia|Ukraine|Soviet Union,jurist|politician|military personnel,
Q20069008,male,Ukraine,film actor|voice actor|television presenter|military personnel|actor,
Q20513142,female,United States,translator|poet|writer,
Q225837,male,Colombia,association football player|association football coach,traffic collision|traumatic brain injury|car collision
Q230662,female,Sweden,beauty pageant contestant|film actor|model|fashion model,disease
Q2246344,male,United States,television actor|stage actor|actor,disease
Q2329698,female,United States,film actor|television actor|stage actor|actor,disease
Q230563,female,Greece,film director|singer|actor,Alzheimer's disease
Q2119297,male,United Kingdom,sports commentator|association football player|journalist,Alzheimer's disease
Q2096791,male,United Kingdom|Russia|Soviet Union,biochemist|biologist|historian|dissident|writer|scientist,myocardial infarction
Q2142532,male,United States,linguist|chemist|librarian|computer scientist|entrepreneur,myocardial infarction
Q2255008,male,Croatia|Socialist Federal Republic of Yugoslavia,handball coach|handball player,myocardial infarction
Q2273636,female,United States,activist|businessperson,myocardial infarction
Q2313074,male,Paraguay,association football player|association football coach,myocardial infarction
Q212312,male,United States,university teacher|architect|photographer,Alzheimer's disease
Q229258,female,United States,film actor|television actor|stage actor|actor,Alzheimer's disease
Q232113,female,France|Kingdom of Denmark,film actor|model|director|novelist|film director|stage actor|singer|writer|actor|screenwriter,cancer
Q232876,female,United Kingdom,television actor|film actor|stage actor|university teacher|actor,cancer
Q2153344,male,Brazil,association football player,cancer
Q2295075,female,United States,singer,cancer
Q210434,female,Sweden,kayaker,cancer
Q212188,male,Singapore,civil servant|diplomat|politician,stroke
Q212889,male,Switzerland|Soviet Union|statelessness,chess player|author|writer,stroke
Q230131,female,United States,film actor|beauty pageant contestant|television actor|comedian|stage actor|character actor|voice actor|dancer|actor,stroke
Q233289,male,India,journalist|politician|poet,diabetes
Q219420,male,United States,theatre director|university teacher|playwright|writer|screenwriter,diabetes
Q229528,female,United States,producer|film actor|model|television actor|voice actor|television producer|actor,diabetes
Q210315,male,United States,designer|futurist|inventor|engineer|architect|writer,Parkinson's disease
Q213550,male,United States,autobiographer|theologian|Christian minister|preacher|pastor,Parkinson's disease
Q223091,male,United Kingdom,video game actor|film actor|television actor|voice actor|stage actor|actor,Parkinson's disease|pneumonia
Q223158,male,Czech Republic|Czechoslovakia,association football player|association football coach,disease
Q2312387,female,United States,film actor|television actor|entrepreneur|actor,dementia
Q210148,male,United States,producer|film actor|film producer|film director|screenwriter|actor,lung cancer
Q212015,male,France,recording artist|film actor|television actor|singer|composer|actor,lung cancer
Q214642,male,United States,essayist|linguist|film screenwriter|critic|autobiographer|novelist|librettist|film director|editor|university teacher|translator|musician|playwright|poet|writer|screenwriter,lung cancer
Q219928,male,People's Republic of China,entrepreneur|politician,lung cancer
Q232062,male,United States,university teacher|economist,pneumonia
Q2144018,male,United Kingdom,guitarist|musician|singer,pneumonia
Q2265759,male,Nepal,weaver,pneumonia
Q223769,male,United States,producer|film actor|rapper|songwriter|singer|actor,myocardial infarction
Q22999106,female,Honduras,environmentalist|human rights defender,firearm
Q231445,female,Ukraine|Soviet Union,middle-distance runner,amyotrophic lateral sclerosis
Q2142448,male,United States,journalist|historian|writer,kidney failure
Q2307763,male,Peru,association football player|actor,kidney failure|liver failure
Q2105,male,France,official|politician,kidney failure
Q212873,female,France|United Kingdom,recording artist|film actor|model|film director|director|fashion model|stage actor|singer|screenwriter|actor,leukemia
Q231310,female,United Kingdom,film actor|stage actor|actor,breast cancer
Q2180858,male,Japan,association football player,respiratory failure
Q231713,female,United States,YouTuber|recording artist|film director|television producer|pianist|singer|composer|actor,gunshot wound
Q233153,female,United States,fetish model|film actor|model|erotic photography model|pornographic actor|stripper,gunshot wound
Q21294765,male,Haiti,politician|businessperson,gunshot wound
Q22283716,male,Russia,official|politician,gunshot wound
Q22690797,male,Palestine,politician,gunshot wound
Q229121,female,United States|Czech Republic|Czechoslovakia,tennis coach|tennis player|coach,ovarian cancer
Q231942,female,United States,recording artist|jazz musician|film actor|television actor|voice actor|songwriter|singer-songwriter|pianist|singer|composer|writer,hepatitis C
Q229424,female,Poland,sports official|athletics competitor|sprinter,breast cancer
Q229990,female,Belgium|France,plastic artist|documentarian|film director|photographer|screenwriter,breast cancer
Q219546,male,United Kingdom,film actor|film director|television actor|film producer|stage actor|television director|singer|actor|screenwriter,infection
Q229740,female,Croatia|Socialist Federal Republic of Yugoslavia,film actor|television actor|stage actor|singer|actor,West Nile virus
Q211280,male,United States,film actor|film producer|actor,heart failure|pulmonary edema|respiratory failure
Q214959,male,United States|Jamaica,recording artist|political activist|film actor|peace activist|television actor|dancer|film producer|stage actor|executive producer|civil rights advocate|songwriter|singer|entertainer,heart failure
Q221411,male,Kingdom of the Netherlands,trade unionist|politician,heart failure
Q223839,male,United States,autobiographer|film actor|publisher|journalist|entrepreneur|politician,heart failure
Q232356,female,United States,television actor|film actor|model|film producer|stage actor|actor,urinary tract infection
Q2267879,male,Nepal,politician,prostate cancer
Q232538,female,United States,health activist|trade unionist|television actor|film actor|stage actor|singer|politician|actor,sepsis
Q23049777,female,United States,sport cyclist,asphyxia
Q231484,female,United States,recording artist|singer-songwriter|pianist|singer|teacher,cardiac arrest
Q232304,female,United States,film actor|television actor|stage actor|actor,cardiac arrest
Q21523340,male,Ghana,association football player,cardiac arrest
Q232260,female,United Kingdom,novelist|author|politician|writer|screenwriter,stroke
Q232959,female,United States,television actor|film actor|stage actor,stroke
Q2153304,male,Japan,association football player,brain tumor
Q219353,female,United States,autobiographer|women's rights activist|politician|writer,dementia
Q221464,male,United States,podcaster|director|stand-up comedian|voice actor|impressionist|comedian|television producer|writer|actor|screenwriter,ventricular tachycardia
Q219721,male,Canada,university teacher|economist,cholangiocarcinoma
Q213430,male,United States,radio personality|voice actor|journalist|television presenter|writer|actor,sepsis
Q220584,male,United States,film screenwriter|film actor|television actor|film producer|voice actor|poet|actor|photographer,cardiac arrest
Q229545,female,United States,film actor|model|television actor|singer|writer|actor,cardiac arrest
Q217500,male,Zambia,minister|diplomat|politician,colorectal cancer
Q2296663,male,Japan|Empire of Japan,television director|director|film director|writer|screenwriter|actor,chronic obstructive pulmonary disease
Q219131,male,Italy,film actor|actor|screenwriter,bronchopneumonia
Q228801,female,Australia,science fiction writer|biographer|novelist|neurologist|physician writer|screenwriter,arthritis
Q215978,male,United States,university teacher|author|psychologist,pancreatic cancer
Q218369,male,Sweden,autobiographer|association football player|association football coach,pancreatic cancer
Q229503,female,Czech Republic|Czechoslovakia,artistic gymnast|athlete,pancreatic cancer
Q210898,male,United Kingdom,mythographer|science fiction writer|ecologist|autobiographer|environmentalist|biochemist|independent scientist|university teacher|biologist|futurist|chemist|scientist,complication
Q216983,male,Turkey|Ottoman Empire,statesperson|military personnel,organ dysfunction
Q224986,male,Seychelles,diplomat|lawyer|politician,respiratory failure
Q211542,male,Finland,novelist|journalist|poet|writer|screenwriter,cerebrovascular disease
Q212993,male,Ireland,philosopher|anthropologist|political scientist|university teacher|author|historian|writer,type 2 diabetes
Q213879,male,United Kingdom,autobiographer|association football player|association football coach,kidney cancer
Q225913,male,Ethiopia,long-distance runner,cardiovascular disease
Q229364,female,United States,child actor|film actor|model|television actor|singer|actor,drowning
Q213844,female,United States|Weimar Republic,prose writer|film actor|television actor|director|theatre director|film director|stage actor|playwright|singer|poet|writer|actor,lung disease
Q21683191,female,Ukraine,prose writer|essayist|novelist|programmer|lyricist|translator|poet|writer,2023 Kramatorsk restaurant missile strike
Q233247,female,Brazil,tennis player,lip and oral cavity carcinoma
Q22708720,male,United States,conspiracy theorist|programmer|vlogger|activist|television producer|Internet celebrity|computer scientist,railway accident
Q2124,male,France,statesperson,COVID-19
Q231600,female,Italy,opera singer,cerebrovascular disease
Q2272870,male,France|Algeria,singer-songwriter,lung disease
Q21499517,male,Belgium|Morocco,jihadist|terrorist,blast injury
Q221697,male,United States,non-fiction writer|philosopher|university teacher|mathematician|computer scientist,mesothelioma malignant recurrent
Q223992,male,United States,film screenwriter|producer|director|film actor|film director|film editor|film producer|camera operator|television director|television producer|writer|actor|screenwriter,brain cancer
Q212990,male,South Korea,film editor|film actor|film producer|film director|screenwriter|actor,COVID-19
Q213793,male,United States,record producer,COVID-19
Q215351,male,Philippines,military commander|military personnel|politician,COVID-19
Q226030,female,Lithuania|Soviet Union,theatre critic|literary scholar|man of letters|activist|university teacher|theatrologist|germanist|writer,COVID-19
Q215721,male,Israel|United States|Austria,trade unionist|stage actor|musician|politician|businessperson|television actor|film actor,
Q215777,male,United States,baseball player,
Q215820,female,United Kingdom|Germany,autobiographer|children's writer|editing staff|illustrator|writer|screenwriter,
Q215919,male,United Kingdom|German Reich,draftsperson|painter|artist|graphic designer,
Q216051,male,United Kingdom,rock musician|jazz musician|percussionist|musician|drummer,
Q216195,male,United States,essayist|prose writer|non-fiction writer|journalist|novelist|reporter|writer|screenwriter,
Q216318,male,United States|United Kingdom,geneticist|biochemist|university teacher|biologist,
Q216341,female,United States,television actor|film actor|songwriter|author|singer|actor,
Q216932,male,Sweden,designer|entrepreneur|businessperson,
Q217069,male,South Africa,journalist|opinion journalist|editing staff|editor-in-chief|poet|writer,
Q217160,male,United States,guitarist|pianist|singer-songwriter|record producer|singer|actor,
Q217555,male,Ecuador,cardiologist|university teacher|politician|physician,
Q217566,male,Mauritius,politician|lawyer,
Q218122,male,United States,television actor|film actor|stage actor,
Q218302,female,Poland,university teacher|paleontologist,
Q218317,female,Poland,journalist|writer|screenwriter,
Q218958,male,Hungary,music educator|classical pianist|pianist|conductor|composer,
Q220227,male,Niger,politician|military personnel,
Q221074,male,Italy|Kingdom of Italy,recording artist|swimmer|autobiographer|rugby union player|water polo player|film actor|film director|film producer|aircraft pilot|comedian|record producer|librarian|singer|politician|writer|composer|actor|screenwriter,
Q230401,female,Brazil,musician|singer|jazz singer|songwriter,
Q230652,male,United States,biochemist|university teacher|biologist|chemist,
Q230733,female,United States,politician|mayor,
Q231417,female,United States,broadcast journalist|television presenter|news presenter,
Q231618,female,United States,university teacher|astronomer,
Q231642,female,Kingdom of the Netherlands,astronomer,
Q232249,female,Russia,athletics competitor|animator,
Q232282,female,United States,film actor|television actor|film director|stage actor|actor,
Q232299,male,United States,endocrinologist|biochemist|university teacher|physiologist,
Q232417,female,United Kingdom,prose writer|novelist|literary critic|university teacher|poet|writer,
Q232695,female,Sweden,princess,
Q232840,female,United Kingdom,film actor|stage actor|singer|actor,
Q233362,female,United States|Australia,women's rights activist|television actor|film actor|film score composer|songwriter|singer|composer|actor,
Q233424,female,United States,science fiction writer|novelist|children's writer|writer|screenwriter,
Q2112549,female,United States,designer|fashion designer|model|interior designer|entrepreneur|businessperson,
Q2112831,female,Armenia|Soviet Union,singer,
Q2117321,female,India|Dominion of India|British Raj,singer,
Q2120765,male,Sweden,jazz musician|recording artist|voice actor|singer|actor,
Q2128461,male,United States,university teacher|astrophysicist|physicist,
Q2139645,male,Italy,association football player|association football coach,
Q2149002,male,Ghana,Catholic priest|Catholic bishop,
Q2164270,female,Morocco,princess dowager,
Q2164733,male,Canada,ice hockey player|ice hockey coach,
Q2185247,male,France,music educator|pianist,
Q2231039,female,Colombia,beauty pageant contestant|model,
Q2252486,male,Italy,association football player|association football coach,
Q2252709,male,Italy|Kingdom of Italy,association football player|association football coach,
Q2253095,female,Georgia|Soviet Union,archer|athlete|university teacher|mathematician,
Q2262875,male,Lesotho,Catholic bishop|Catholic priest,
Q2263705,male,United States,anthropologist|human rights defender|physician|writer,
Q2266558,male,Poland,fencer,
Q2290841,male,United States|Romania,gymnastics coach|businessperson,
Q2301871,male,Soviet Union,association football player|association football coach,
Q2302368,female,United States,autobiographer|film director|singer,
Q2318968,male,United States,songwriter|lyricist|composer|actor|screenwriter,
Q2328699,female,United States,film actor|television actor|dancer|acting instructor|stage actor|singer,
Q2329393,male,Romania,soldier|politician,
Q2330684,male,United Kingdom,songwriter|guitarist,
Q2330788,male,United Kingdom,comics artist|children's writer|caricaturist|graphic artist|illustrator|writer|screenwriter,
Q20995517,male,Saint Kitts and Nevis,politician|teacher,
Q21015390,female,Japan,songwriter|artist|Japanese idol|singer|composer,
Q21479779,,,,
Q22100580,male,South Korea,dancer|singer|actor,
Q22137528,male,Ukraine|Soviet Union,Islamic resistance|accountant|deputy|engineering technologist|military personnel|politician,
Q22162696,male,Gabon,association football player,
Q22279524,male,United States,university student,
Q22302045,male,Israel|Russian Empire|Polish People's Republic|Second Polish Republic,pastry chef|entrepreneur,
Q21842,female,United States,engineer|astronaut,
Q22803,male,South Korea,lawyer|politician,
Q221615,male,Russia,aircraft pilot|test pilot|astronaut,
Q222134,male,United States,domestic terrorist|philosopher|environmentalist|mathematician|writer,
Q223408,male,France,accordionist|pianist|musician|film score composer|singer|composer,
Q224218,male,Germany|German Democratic Republic,amateur wrestler,
Q224739,female,United Kingdom,film actor|actor,
Q225852,male,United States,documentarian|film editor|cinematographer|film producer|director|film director|actor|screenwriter,
Q228607,female,France,film actor|actor,
Q229276,female,Ireland|United States,autobiographer|film actor|television actor|stage actor|singer|writer|actor,
Q229330,female,United Kingdom,autobiographer|recording artist|film actor|lyricist|singer-songwriter|singer|actor,
Q229710,female,Romania,high jumper|athletics competitor,
Q230035,female,United Kingdom,film actor|television actor|stage actor|actor,
Q230126,female,United States,film actor|television actor|actor,
Q230188,female,United States,film actor|director|television actor|film producer|pedagogue|stage actor|actor,
Q210362,male,United States,geopolitical analyst|philosopher|political scientist|university teacher,
Q210874,male,Romania,Greek-Catholic priest|ordinary|Catholic bishop,
Q211029,male,United States,scientific collector|myrmecologist|sociobiologist|ethologist|evolutionary biologist|ecologist|autobiographer|novelist|science writer|entomologist|university teacher|biologist|zoologist|naturalist,
Q211322,male,United Kingdom,film actor|television actor|stage actor|actor,
Q212190,female,Egypt|Kingdom of Egypt|United Arab Republic|Republic of Egypt,university teacher|human rights defender|politician|poet|writer,
Q212762,male,United States,recording artist|music arranger|pianist|film score composer|songwriter|musician|lyricist|record producer|singer|conductor|composer,
Q213574,male,Kingdom of the Netherlands,television actor|film actor|film director|actor,
Q213652,male,United States|Israel,sociologist|university teacher,
Q213692,male,United States,political analyst|journalist|political scientist|university teacher|historian,
Q213806,male,United States,novelist|university teacher|poet|writer,
Q213919,male,United States,boxer|businessperson,
Q214661,female,United Kingdom|Germany,philanthropist|women's rights activist|computer scientist|businessperson,
Q215043,male,Germany|German Democratic Republic,diplomat|politician,
Q215263,male,United States,philosopher|researcher|university teacher|professor|writer,
Q234610,female,United States,television actor|film actor|film producer|film director|stage actor|screenwriter,traffic collision
Q241660,female,United States,television actor|film actor|stage actor|pianist|lyricist|singer-songwriter|singer|record producer|writer,traffic collision
Q234949,male,United States,virologist|microbiologist|biochemist|geneticist|university teacher,cancer
Q237037,female,Portugal,singer|actor,cancer
Q239093,female,United States,video game actor|film actor|television actor|voice actor,cancer
Q240233,female,United States,television actor|film actor|stage actor|model|singer|actor,cancer
Q233873,female,United States,television actor|film actor|dancer|voice actor|stage actor|actor,multiple sclerosis
Q233565,male,United Kingdom,association football player,Alzheimer's disease
Q241835,female,Italy,recording artist|film actor|stage actor|opera singer|television presenter|singer|actor,Alzheimer's disease
Q236421,female,United States,prosecutor|politician|lawyer,Parkinson's disease
Q237944,female,France,children's writer|grand couturier|designer|fashion designer|businessperson|writer,Parkinson's disease
Q249912,male,United Kingdom,association football player|funeral director|association football coach|businessperson,Alzheimer's disease
Q2419984,female,Iran,translator|diplomat|nurse|politician|writer,Alzheimer's disease
Q23943,male,United States,basketball player|journalist,Alzheimer's disease
Q2344210,female,United States,essayist|poet|writer,cancer
Q239062,female,South Africa,politician,influenza
Q2369237,male,United Kingdom,film actor|television actor|stage actor|actor,Parkinson's disease
Q23505,male,United States,naval officer|autobiographer|baseball player|aircraft pilot|statesperson|diplomat|entrepreneur|politician,Parkinson's disease
Q239922,male,Croatia,rower,disease
Q241366,female,Poland,long jumper|athletics competitor|dentist,disease
Q233819,male,Kingdom of the Netherlands,sports executive|association football coach|association football player,myocardial infarction
Q236361,female,Brazil,singer|composer|actor,myocardial infarction
Q237324,female,United States,film actor|television actor|singer-songwriter|poet|singer|composer,myocardial infarction|surgical complications|ileus
Q239404,female,Italy,film actor|model,myocardial infarction
Q2339817,male,Argentina,association football player|association football coach,myocardial infarction
Q2419981,female,Mexico|Cuba,rumbera|film actor|television actor|actor,myocardial infarction
Q234921,female,Sweden,film actor|stage actor,stroke
Q238233,female,Czech Republic,aristocrat,stroke
Q234293,female,United States|United Kingdom|Argentina,film actor|actor,breast cancer
Q236842,female,United States,film actor|television actor|actor,breast cancer
Q238361,female,United States,jazz musician|film actor|television actor|voice actor|stage actor|singer|actor,diabetes
Q242651,male,South Korea,politician|military personnel,asthma
Q242939,female,United States,autobiographer|film actor|model|television actor|film producer|singer|businessperson|writer|actor|screenwriter,breast cancer
Q247293,male,United States|Argentina,recording artist|jazz musician|music arranger|pianist|film score composer|bandleader|conductor|musician|composer,pneumonia
Q2360077,male,Japan|Empire of Japan,association football player,pneumonia
Q2368070,male,Russia,presenter|dub actor|television presenter|actor,pneumonia
Q2391857,male,Italy,news presenter|journalist|politician,pneumonia
Q239505,male,,emperor,anthrax
Q237659,female,United States,film actor|television actor|dancer|director|film director|film producer|voice actor|comedian|stunt performer|singer|writer|actor|screenwriter,type-1 diabetes
Q233572,female,Hungary|Israel,artistic gymnast|athlete|university teacher|coach,pneumonia|heart failure|respiratory failure
Q236129,female,Japan|Empire of Japan,film actor|actor,pneumonia
Q246594,male,South Africa,recording artist|jazz musician|trumpeter|composer,prostate cancer
Q246621,male,Japan,association football player|association football coach,stomach cancer
Q2415420,female,United States,opinion journalist|writer|screenwriter,heart failure
Q2454464,female,Russia|Soviet Union,television presenter|singer|actor,heart failure|sepsis|cerebral edema
Q237786,female,United States,politician|teacher,melanoma
Q2360093,male,Japan|Empire of Japan,association football player|association football coach|businessperson,lung cancer
Q2360342,female,Georgia|Soviet Union,film director|actor|screenwriter,stroke
Q2397104,female,United States,television actor,stroke
Q2444179,male,Bulgaria,association football player|association football coach,stroke
Q23664715,female,Pakistan,women's rights activist|YouTuber|activist|model|actor,asphyxia
Q240630,male,Germany,pole vaulter,leukemia
Q235305,female,United States,film actor|television actor|model|stage actor|singer|writer,colorectal cancer
Q240580,female,Spain,sports executive,colorectal cancer
Q238749,female,Germany|German Democratic Republic,swimmer,pancreatic cancer
Q239688,male,Italy,sports executive|association football player|journalist|association football coach,pancreatic cancer
Q242162,female,United States,science fiction writer|novelist|writer,pancreatic cancer
Q235398,female,Spain,film actor|stage actor|actor,cardiac arrest
Q241646,female,United States,film actor|voice actor|actor,cardiac arrest
Q241750,male,United States,politician|lawyer,cardiac arrest
Q234491,female,Japan|Empire of Japan,explorer|mountaineer,stomach cancer
Q234169,female,United States,recording artist|television actor|film actor|dancer|stage actor|pianist|singer,cardiovascular disease
Q2334475,male,Brazil,association football player,cardiac arrest
Q2341578,female,India,television actor|film actor,cardiac arrest
Q24801,male,Andorra,politician|architect,cardiac arrest
Q2365826,male,Russia|Soviet Union,dub actor|guitarist|stunt performer|singer|actor,kidney failure
Q2449583,male,Brazil,association football player,kidney failure
Q233721,female,United States,jazz pianist|recording artist|jazz musician|bandleader|record producer|pianist|composer|conductor,brain cancer
Q234865,female,United States,novelist|journalist|author|writer|screenwriter,appendix cancer
Q235478,female,United States,video game actor|film actor|television actor|film producer|voice actor|casting director|executive producer|television producer|comedian|musician|singer|actor|screenwriter,complications of diabetes mellitus
Q236329,female,Norway,cross-country skier,personal watercraft-related accident
Q241382,female,Russia|Soviet Union,presenter|film actor|fashion model|model|socialite|television presenter|singer|actor,glioblastoma
Q241432,female,Finland|France,conductor|composer,glioblastoma
Q2360635,male,Russia|Soviet Union,politician|military personnel,infarction|COVID-19
Q2482633,male,Ukraine|Soviet Union,politician,gunshot wound
Q24567454,male,United States,security guard,gunshot wound
Q24705047,male,Lithuania,documentarian|archaeologist|anthropologist|film director|cinematographer,gunshot wound
Q25050824,male,Ukraine,volunteer|opera singer|military volunteer,gunshot wound
Q246167,male,South Korea,journalist|politician,respiratory failure
Q234149,female,France,film actor|stage actor|singer|actor,falling from height
Q24238427,male,Belgium,sport cyclist,major trauma
Q242351,female,United States|Austria|Czech Republic|Czechoslovakia,autobiographer|novelist|model|alpine skier|designer|skier|hotel manager|entrepreneur|writer,falling
Q235125,female,Hungary,aesthetician|essayist|philosopher|sociologist|university teacher|dissident,drowning
Q240225,male,Japan,mangaka|screenwriter,drowning
Q2346451,male,Brazil,journalist|association football player|association football coach,surgical complications
Q2424957,female,Egypt,film producer|film actor|actor|screenwriter,circulatory collapse
Q23848,male,Italy,trumpeter|orchestra leader|orchestrator|music arranger|film score composer|musician|pianist|record producer|conductor|composer,femoral fracture
Q248991,male,Hungary,water polo coach|water polo player,pancreatic cancer
Q2451348,male,United States,prose writer|basketball player|novelist|teacher|writer|screenwriter,pancreatic cancer
Q249251,male,Hungary,association football referee,COVID-19
Q2421842,male,Brazil,lawyer|politician,COVID-19
Q24040310,female,Brazil,singer-songwriter,aviation accident
Q243193,male,United States,economic historian|university teacher|historian|economist,esophageal cancer
Q2444800,male,Morocco,association football player,cardiovascular disease
Q240937,female,United States,opera singer,multiple organ dysfunction syndrome|septic shock
Q239868,female,France,activist|film actor|writer|actor,peritoneal carcinoma
Q234471,female,Canada|United States,television actor|film actor|film producer|voice actor|stage actor,drug overdose
Q237287,female,United States,stage actor|voice actor|comedian|entertainer|singer,cerebrovascular disease
Q239293,female,United States|France,film actor|television actor|stage actor|writer|actor,meningeal carcinomatosis
Q239807,female,Switzerland|France,writer|actor|gallerist|recording artist|chansonnier|film actor|lyricist|singer,
Q239823,female,Belgium|France,video installation artist|video artist|director|film producer|visual artist|film director|university teacher|filmmaker|performing artist|artist|cinematographer|writer|screenwriter|photographer|actor,
Q239904,male,United States,university teacher|mathematician,
Q240595,female,Russia,long jumper|athletics competitor|sprinter,
Q240623,female,United States,beauty pageant contestant|recording artist|singer|writer,
Q240794,female,Poland|United Kingdom,music educator|violin teacher|violinist,
Q240866,female,United States,university teacher|astronomer,
Q240890,female,United States|Italy,music educator|opera director|opera singer|biographer|pedagogue,
Q241005,female,France|Germany,opera singer,
Q241310,female,Germany|German Democratic Republic,shot putter,
Q241727,female,United Kingdom,tennis player,
Q241745,female,Germany|German Democratic Republic,athletics competitor,
Q241788,female,United States,politician,
Q241917,female,Russia|Soviet Union,athletics competitor,
Q241972,female,Russia,biathlete|cross-country skier,
Q242169,male,United States|France,neuroscientist|university teacher|endocrinologist|biochemist|physiologist|physician,
Q242185,male,United States,high jumper|basketball coach|basketball player|coach|actor,
Q242376,female,Morocco,feminist|women's rights activist|non-fiction writer|essayist|university teacher|sociologist|writer,
Q242390,female,Romania,javelin thrower|athletics competitor,
Q242402,female,Russia|Soviet Union,track and field coach|athletics competitor,
Q237416,female,Croatia|Kingdom of the Netherlands|Socialist Federal Republic of Yugoslavia|Federal People's Republic of Yugoslavia,translator|artist|writer|screenwriter|non-fiction writer|essayist|novelist|children's writer|visual artist|university teacher|resistance fighter,
Q237687,female,United Kingdom,novelist|university teacher|art historian|writer,
Q238081,female,United States,film actor|television actor|model|stage actor|voice actor,
Q238391,female,Israel,film actor|stage actor|screenwriter|actor,
Q238514,female,Egypt|Kingdom of Egypt|United Arab Republic|Republic of Egypt,activist|novelist|gynecologist|physician writer|psychiatrist|politician|writer,
Q238702,male,United Kingdom,science fiction writer|novelist|literary critic|journalist|bookseller|artist|editor-in-chief|military personnel|writer|screenwriter,
Q238862,female,United States,actor,
Q238884,female,United States,film actor|television actor|stage actor|actor,
Q239131,female,United States,feminist|women's rights activist|philosopher|biologist|university teacher|biographer|physicist|writer,
Q239501,female,United Kingdom,television writer|autobiographer|activist|opinion journalist|journalist|playwright|writer|screenwriter,
Q233590,female,Czech Republic|Czechoslovakia,graphic artist|sculptor|painter,
Q233876,female,Spain,opera singer|university teacher|actor,
Q233950,male,United States|Israel,essayist|university teacher|economist|psychologist|author,
Q234147,female,United Kingdom,fashion designer,
Q234408,female,Czech Republic|Czechoslovakia,track and field coach|Olympic competitor|javelin thrower|athletics competitor|athlete,
Q234463,male,United Kingdom|South Africa,geneticist|university teacher|biologist|biotechnologist,
Q234819,female,Canada,short story writer|novelist|journalist|writer|screenwriter,
Q234888,female,United States,physicist|astronomer|scientist,
Q234897,female,France,film actor|actor,
Q235318,female,United Kingdom|Portugal,printmaker|painter,
Q235549,female,Slovakia,music educator|opera singer,
Q235712,female,United States|United Kingdom,university teacher|astrophysicist|astronomer,
Q236013,female,Cuba,ballet teacher|ballerina|dancer|choreographer|ballet dancer|ballet master|businessperson,
Q236678,female,United Kingdom,philanthropist|aristocrat|music teacher,
Q237412,male,United Kingdom,designer|architect,
Q242535,female,Italy|France,dancer|guitarist|singer|actor,
Q242691,female,Kingdom of Denmark,aristocrat|diplomat,
Q243601,male,United Kingdom,biophysicist|university teacher|inventor|physicist,
Q243969,male,United States,philanthropist|chemist|physicist|entrepreneur|engineer,
Q244739,male,United States,game theorist|statistician|university teacher|economist|mathematician,
Q246758,male,Germany,librettist|musician|pianist|composer,
Q247626,female,Sweden,television actor|film actor|stage actor|actor,
Q248021,male,United Kingdom,sprinter|politician|lawyer,
Q248404,female,Serbia|Socialist Federal Republic of Yugoslavia,flight attendant,
Q248809,male,Colombia,Catholic priest|Catholic bishop,
Q249197,male,United Kingdom,foreign correspondent|novelist|spy|aircraft pilot|journalist|correspondent|writer|screenwriter,
Q249978,female,Hungary|Sweden,biologist|physician,
Q250005,male,Cameroon,athletics competitor|sports official|basketball player,
Q250087,male,Australia,diplomat|politician,
Q250136,male,France,essayist|philosopher|art critic|art historian|university teacher|translator|poet|writer,
Q250223,male,Hungary,modern pentathlete|equestrian|fencing master|coach,
Q2341602,male,India|British Raj,film editor|film actor|film director|actor|screenwriter,
Q2342420,male,United States|Germany,islamic fundamentalist|orientalist|university teacher|arabist,
Q2348311,female,United States,autobiographer|aircraft pilot,
Q2350376,male,United States,television actor|stage actor|actor,
Q2360791,male,Russia,manufacturer|film producer|director|film director|drama teacher|pedagogue|writer|actor|screenwriter,
Q2467594,male,Israel|Soviet Union|Second Polish Republic,military personnel|writer|university teacher|pedagogue|partisan|historian,
Q2468853,male,Russia,handball player,
Q2471880,male,United Kingdom,television actor|film actor|stage actor,
Q2479579,male,Morocco,association football player|association football coach,
Q2481333,male,Japan|Empire of Japan,association football player|association football coach,
Q2481988,male,United Kingdom,children's writer|science fiction writer|writer,
Q2494967,male,Bulgaria,association football player|association football coach,
Q23793885,female,Malawi,activist|politician|secretary,
Q23928873,male,Republic of the Congo,politician,
Q24717996,male,Pakistan,musician|singer,
Q2494,male,Italy|Germany|Vatican City,religious writer|Catholic theologian|Latin Catholic bishop|philosopher|transitional deacon|university teacher|Latin Catholic priest|theologian|archbishop,
Q23685,male,United States,humanitarian|peace activist|naval officer|autobiographer|novelist|submariner|environmentalist|human rights defender|statesperson|diplomat|farmer|politician|engineer|businessperson|writer,
Q23889,male,United Kingdom,inventor|entrepreneur|computer scientist|engineer,
Q24671,male,Kyrgyzstan|Soviet Union,politician,
Q24757,male,Sweden,speed skater|politician,
Q2362904,male,Russia|Soviet Union,film screenwriter|film producer|film director|drama teacher|university teacher|actor|screenwriter,
Q2364268,male,Bosnia and Herzegovina|Socialist Federal Republic of Yugoslavia,poet|writer|screenwriter,
Q2370750,female,Russia|Soviet Union,public figure|drama teacher|singer|actor,
Q2371003,male,Russia|Soviet Union,dialectologist|linguist|university teacher,
Q2373057,female,United States,astrophysicist|physicist|astronomer,
Q2386737,male,Uruguay,association football player|association football coach,
Q2398472,male,Mali,journalist|diplomat|minister|politician,
Q2405877,male,Japan|Empire of Japan,association football player|association football coach,
Q2411607,male,United Kingdom,businessperson|merchant|talent agent|talent manager|entrepreneur,
Q2414988,male,Serbia|Yugoslavia|Serbia and Montenegro,association football player|association football coach,
Q2419374,female,Sweden,cross-country skier,
Q2420571,male,Slovenia,association football player,
Q2422401,male,Russia|Soviet Union,political activist|novelist|philosopher|politician|poet,
Q2422581,male,United States,sports commentator|journalist,
Q2426558,male,India|British Raj,vocalist|singer,
Q2427306,male,Australia,association football player,
Q2433338,male organism,,,
Q2454694,female,Philippines,athletics competitor|politician,
Q2461902,male,United Kingdom,association football player,
Q2464640,male,Bulgaria,volleyball player|association football player|alpine skier|association football coach,
Q251846,male,Spain,team manager|sports commentator|motorcycle racer,traffic collision
Q2563823,male,Brazil,association football player,cancer
Q2628098,female,United States,beauty pageant contestant|model|actor,cancer
Q2628417,male,Soviet Union|Kazakhstan,engineer|politician,cancer
Q25839,male,Turkey|Germany,television actor|film actor|stage actor,cancer
Q253192,female,United Kingdom,opinion journalist|visual artist,cancer|lung cancer
Q257217,female,United States,film actor|television actor|stage actor|actor,cancer
Q257752,male,France|Tunisia,documentarian|film actor|film critic|film producer|radio personality|film director|television producer|politician|writer|screenwriter,cancer
Q262389,female,Canada,film actor|television actor|actor,cancer
Q265855,male,Israel,children's writer|opinion journalist|journalist|television presenter|psychologist|writer,cancer
Q266147,female,France,film actor|singer,cancer
Q266185,female,Canada|United States,women's rights activist|university teacher|historian|screenwriter|writer,cancer
Q2613044,male,Belgium,association football player,traffic collision
Q2566025,male,Brazil,association football player|association football coach,Alzheimer's disease
Q2608520,male,United Kingdom,autobiographer|trade unionist|sports commentator|association football player|television presenter|association football coach,Alzheimer's disease
Q2620610,male,United States,television actor|comedian|film actor|film producer|film director|teacher|writer|actor|screenwriter,Alzheimer's disease
Q263486,male,United States,film screenwriter|film actor|director|film producer|film director|comedian|screenwriter,Alzheimer's disease
Q259434,female,United States,film actor|television actor|stage actor,anemia
Q2579800,female,Greece,poet|bank officer|writer,disease
Q2632355,male,Russia,film actor|opinion journalist|theatre director|drama teacher|stage actor|screenwriter|actor,disease
Q260227,female,Russia,artistic gymnast,pneumonia
Q2561603,male,United States|Poland,basketball coach|basketball player,pneumonia
Q254240,female,United Kingdom,novelist|writer,stroke
Q264648,female,United Kingdom,film actor|stage actor|actor,stroke
Q2619317,male,United States,comedian|dancer|voice actor|animation director|animator|singer|composer|actor|screenwriter,stroke
Q2630091,male,Israel,politician,stroke
Q258820,male,India,film actor|film director|film producer|actor,leukemia
Q262241,female,United States,film actor|television actor|actor,leukemia
Q2555342,male,United Kingdom,music director|harpsichordist|organist|conductor,leukemia
Q2629254,male,Brazil,association football player,diabetes
Q250834,male,Guatemala,entrepreneur|politician,myocardial infarction
Q265055,male,Romania,association football player|association football coach,myocardial infarction
Q2553832,male,France|Tunisia|French protectorate of Tunisia,grand couturier,myocardial infarction
Q2565032,male,United States,basketball player,myocardial infarction
Q2610046,male,Kingdom of Denmark,track cyclist|sport cyclist,myocardial infarction
Q2632284,male,Ukraine|Soviet Union,film screenwriter|prose writer|translator of Adam Mickiewicz|literary critic|translator|playwright|screenwriter|politician|poet,myocardial infarction
Q261588,female,Soviet Union,swimmer|journalist,disease
Q2506188,female,Russia|Uzbekistan|Soviet Union,freestyle skier,amyotrophic lateral sclerosis
Q264783,female,Mexico,actor,ovarian cancer
Q264252,female,Philippines,journalist|politician|lawyer|judge,lung cancer
Q265179,female,Brazil,children's writer|guitarist|pianist|singer|composer|writer|actor,lung cancer
Q266481,male,Brazil,philosopher|university teacher|monk|Catholic bishop|friar|theologian|Catholic priest|priest,lung cancer
Q266640,female,Italy,dancer|television presenter|singer|actor,lung cancer
Q2550078,male,United States,mixed martial arts fighter|television actor|karateka|film actor|Thai boxer|actor,hanging to death
Q254038,female,United States,dancer|film actor|television actor|stage actor|voice actor|singer,heart failure
Q262130,male,United States,film director,heart failure|atherosclerosis
Q266391,female,United States,film actor|television actor|voice actor|stage actor|comedian|singer,heart failure
Q2555171,female,United States|France,film actor|film director|film producer|director|screenwriter,lung cancer
Q266335,female,United States,film actor|television actor|dancer|voice actor|stage actor|singer|actor,cardiac arrest|bone cancer
Q254962,female,United Kingdom,film actor|film director|singer|composer|actor,breast cancer
Q261962,female,United Kingdom,science fiction writer|novelist|poet|writer,breast cancer
Q264418,female,United States,voice actor|actor,colorectal cancer
Q2512890,male,Kingdom of the Netherlands,track cyclist|sport cyclist,cardiac arrest
Q2545691,male,Spain,politician|teacher,cardiac arrest
Q2601993,male,Colombia,association football player|association football coach,cardiac arrest
Q2615937,female,Argentina,beauty pageant contestant|model|actor,cardiac arrest
Q2622252,male,Russia|Soviet Union,lecturer|poet|theatre director|director|film director|translator|playwright|writer|actor|screenwriter,cardiac arrest
Q2669884,male,United Kingdom,film actor|choreographer|dancer|stage actor|pedagogue|ballet dancer|mime artist|actor,cardiac arrest
Q2545982,male,Russia|Soviet Union|Russian Socialist Federative Soviet Republic,television actor|drama teacher|film director|stage actor|actor,heart failure
Q264730,female,United States,diarist|autobiographer|novelist|television actor|fashion designer|designer|socialite|painter|businessperson|writer|actor,stomach cancer
Q260125,male,United States,film actor|film editor|director|film director|film producer|cinematographer|camera operator|screenwriter,pancreatic cancer
Q2626768,female,Russia,presenter|television presenter|singer|actor,glioblastoma
Q263213,female,France,film screenwriter|novelist|journalist|writer|screenwriter,peritonitis
Q2608238,male,Mexico,recording artist|jazz musician|television actor|film actor|record producer|singer|composer|screenwriter,pancreatic cancer
Q267184,female,United States|United Kingdom,nightclub owner|jazz musician|film actor|voice actor|singer|actor,pulmonary emphysema|heart disease
Q26180846,male,Russia,civil servant|military personnel,falling
Q2516,male,Germany,non-fiction writer|publisher|statesperson|civil servant|economist|minister|politician|writer,peripheral artery disease
Q250924,male,Guatemala,entrepreneur|politician,esophageal cancer
Q260298,female,United States,film actor|television actor|model|voice actor,dilated cardiomyopathy
Q2550990,male,United States,television actor|film actor|voice actor|actor,cardiomegaly
Q25704167,male,Ethiopia,songwriter|musician|singer,gunshot wound
Q2510218,male,United States|Ruanda-Urundi,human rights defender|politician,cardiovascular disease
Q2634866,male,Russia|Soviet Union,film director|singer|poet|composer|actor,cardiovascular disease
Q259507,female,United States,philosopher|university teacher|writer,kidney failure
Q2622688,male,Russia|Latvia|Soviet Union,film screenwriter|principal director|humorist|stand-up comedian|satirist|presenter|film actor|blogger|director|mechanical engineer|impressionist|journalist|television presenter|mechanic|comedian|playwright|screenwriter|writer|actor,brain cancer
Q26703582,male,United States,civil engineer|personal stylist|designer|record producer|architect|disc jockey|composer,angiosarcoma
Q259968,female,Belgium,film actor|actor,adrenocortical carcinoma
Q263696,female,United States,humanitarian|autobiographer|beauty pageant contestant|dancer|film actor|television actor|voice actor|stage actor|entrepreneur|singer|writer|screenwriter|actor,cerebral hemorrhage
Q2510568,male,Nepal,politician,liver cancer
Q2534028,female,United States,television actor|beauty pageant contestant|film actor|model|singer|actor,liver cancer
Q26048,female,United States,television actor|film actor|model|Playboy Playmate,atherosclerosis
Q2545434,male,Germany,politician,shot to the head
Q2565247,male,Serbia,association football player,shot to the head
Q2575886,male,Nigeria,association football player,bone cancer
Q254431,genderfluid,United States,LGBTQ rights activist|film actor|television actor|choreographer|musician,death from AIDS-related complications
Q259646,male,United Kingdom,politician,stab wound
Q266340,female,United States,film actor|voice actor|actor,leiomyosarcoma
Q2524635,female,South Africa,civil rights advocate|writer,COVID-19
Q2626298,male,Russia,memoirist|drama teacher|public figure|actor,COVID-19
Q2629787,male,Russia|Soviet Union,politician|military personnel,COVID-19
Q2658232,female,Chile,lexicographer|cultural activist|ethnographer|artisan|singer|writer,COVID-19
Q25737,male,Ireland,rally driver,car collision
Q261003,female,United States,banker|lawyer|politician,Powassan encephalitis
Q262440,female,United States,politician,falling from height
Q257211,female,Russia|Socialist Federal Republic of Yugoslavia|Federal Republic of Yugoslavia,journalist,surgical complications
Q258662,male,United Kingdom,science communicator|chemist|neurologist|physician writer|university teacher|physician|writer|screenwriter,liver metastasis
Q266080,female,Portugal,singer-songwriter|pianist|percussionist|guitarist|singer,neoplasm of cerebral hemisphere
Q250724,female,United Kingdom,figure skater,
Q250828,male,Japan,politician,
Q251515,male,Paraguay,association football player|association football coach,
Q251751,male,Italy|Kingdom of Italy,entrepreneur|businessperson,
Q252245,male,Hungary,film director|politician|screenwriter,
Q253553,female,United States,film screenwriter|film actor|fashion model|film producer|model|film director|Playboy Playmate|filmmaker|actor,
Q254289,female,Czech Republic,film actor|television actor|stage actor|actor,
Q255023,female,France,politician|lawyer,
Q255353,female,Kingdom of the Netherlands,figure skater,
Q255794,female,United States,dancer|film actor|television actor|stage actor|singer,
Q255945,female,United States,science fiction writer|patron of the arts|life coach|publisher|public figure|writer,
Q256196,female,New Zealand,shot putter|long jumper|athletics competitor,
Q256916,female,Japan|Australia,anthropologist|film director|geisha,
Q257192,female,Kingdom of Denmark,swimmer,
Q257423,male,Slovakia,religious writer|university teacher|Catholic bishop|missionary|Catholic priest|priest|writer,
Q257881,female,Kingdom of Denmark,politician,
Q258661,female,United States,socialite,
Q259468,female,United States,film actor|television actor|voice actor|stage actor,
Q259571,female,United States,film actor|television actor|actor,
Q259855,female,Bulgaria,athletics competitor,
Q259911,female,Sweden,film actor|theatre director|film director|filmmaker|actor|screenwriter,
Q259986,female,Italy,film actor|stage actor,
Q260099,female,United States,film actor|television actor|dancer|stage actor|singer|actor,
Q260318,female,United States,film actor|television actor|actor,
Q260476,female,Estonia|Soviet Union,cross-country skier,
Q260560,female,United States,science fiction writer|novelist|literary critic|editing staff|writer,
Q260802,male,Belgium,mathematician|university teacher,
Q260893,female,Spain|Brazil,novelist|editor|writer,
Q261159,female,United States|United Kingdom,film actor|model|erotic photography model|pornographic actor|actor,
Q261178,female,Finland,cross-country skier|middle-distance runner|athletics competitor|sport cyclist,
Q261308,female,Russia|Soviet Union,cross-country skier,
Q262013,female,Germany|German Democratic Republic,athletics competitor,
Q262199,female,Norway,writer,
Q263428,female,United States,dancer|film actor|television actor|voice actor|stage actor|actor,
Q263613,female,New Zealand,novelist|poet|writer,
Q263677,female,Japan,amateur wrestler,
Q263681,male,United States,pacifist|philosopher|sociologist|university teacher|political scientist|writer,
Q263765,female,United States,film actor|television actor|voice actor|stage actor,
Q264011,female,United States,film actor|model|television actor|stage actor|singer|actor,
Q264090,male,Angola,diplomat|minister|politician,
Q264297,female,United States,politician,
Q264429,female,Romania,athletics competitor,
Q264855,female,Sweden,journalist|translator|writer,
Q265238,male,Hungary,association football player,
Q265353,female,United States,embryologist|geneticist|university teacher|biologist,
Q265428,male,Mexico,association football player|association football coach,
Q265702,female,Norway,cross-country skier|police,
Q266190,female,France|Switzerland,film actor|stage actor|singer|actor,
Q266247,male,France,literary historian|literary theorist|opinion journalist|literary critic|university teacher,
Q266270,male,United States,film actor|television actor|director|stage actor|actor,
Q266307,female,Belarus|Soviet Union,athletics competitor|javelin thrower,
Q266382,male,France,teacher at a Gymnasium|publisher|university teacher|historian,
Q266820,female,United States,film actor|television actor|film producer|voice actor|actor,
Q267106,female,United States,swimmer,
Q2507186,male,United Kingdom,musician|guitarist,
Q2527026,male,Russia,soldier|drug dealer|association football player,
Q2527087,male,United States,association football coach|association football player,
Q2528518,male,United States,basketball player,
Q2531416,male,Spain,association football player,
Q2535427,male,Japan,association football coach|association football player,
Q2535741,male,Japan,association football player,
Q2565378,male,Spain,association football player,
Q2565969,male,Brazil,association football player,
Q2568767,male,Soviet Union,association football player|association football coach|coach,
Q2569004,male,Russia|Soviet Union,association football player|association football coach,
Q2586973,female,India|Dominion of India,social worker|lawyer,
Q2589401,female,United States,television actor|film actor|stage actor|actor,
Q2597507,male,Russia,polar explorer|explorer|oceanographer|statistician|geographer|statesperson|politician|writer,
Q2602511,female,Russia|Soviet Union,fencer,
Q2615725,male,Belgium,association football player,
Q2617543,female,United States,television actor|film actor|dancer|stage actor|choreographer|actor,
Q2617839,male,Spain,composer,
Q2620055,female,Greece,novelist|children's writer|writer|actor,
Q2620543,male,Ghana,association football player,
Q2622333,male,Russia|Soviet Union,ballet teacher|music educator|opinion journalist|dancer|film director|choreographer|ballet dancer|ballet master|screenwriter,
Q2623285,male,Russia|Soviet Union,television actor|film actor|theatre director|film director|drama teacher|stage actor|public figure|politician|actor,
Q2624628,female,Portugal,women's rights activist|novelist|journalist|poet|writer,
Q2625050,male,United States,basketball coach|basketball player,
Q2626881,female,Kingdom of the Netherlands,model,
Q2627373,male,Russia|Azerbaijan|Soviet Union,graphic artist|painter|politician,
Q2627412,male,Spain,association football player,
Q2628989,male,Russia|Soviet Union|Moldova,dramaturge|playwright|historian|poet|writer,
Q2629244,male,Cameroon,association football player,
Q2629540,male,France,director of studies|political scientist|historian,
Q2631415,male,France,association football coach|association football player,
Q2632350,male,Russia|Soviet Union|Moldova,music educator|film score composer|composer,
Q2640591,male,Bulgaria,association football player|association football coach,
Q2646300,female,Poland,resistance fighter|railway worker,
Q2658514,male,Democratic Republic of the Congo,association football player,
Q2658592,male,United States,serial killer,
Q2659992,female,Finland,beauty pageant contestant|model,
Q2663816,male,Jordan,politician|physician,
Q2663879,female,Japan,child actor|seiyū|actor,
Q25390527,male,United States,serial killer,
Q26086606,male,France,Catholic priest,
Q2518,male,Germany|Nazi Germany|Weimar Republic|West Germany,political scientist|historian|politician|Chancellor of Germany,
Q2542,male,Poland|Germany,economist|politician,
Q2563,male,Germany,university teacher|jurist|politician|judge,
Q2567,male,Germany,politician|military personnel|lawyer,
Q2571,male,Germany,politician,
Q25147,male,Italy,film screenwriter|film director|director|painter|musician|singer-songwriter|singer|composer|writer|screenwriter,
Q26103,female,United States,erotic photography model|pornographic actor,
Q26647,male,Bosnia and Herzegovina,military officer,
Q281847,male,United States,diarist|autobiographer|business executive|manager|entrepreneur|engineer|writer,Parkinson's disease
Q288101,female,United States,opera singer|musician|singer,Parkinson's disease
Q267226,female,United States,film actor|television actor|stage actor|actor,cancer
Q275012,female,United States,women's rights activist|essayist|novelist|anthropologist|poet|writer,cancer
Q275467,female,United States,film actor|television actor|film producer|voice actor|actor,cancer
Q283796,female,United Kingdom,keyboardist|songwriter|singer,cancer|stroke
Q286019,female,United States,non-fiction writer|lecturer|orientalist|university teacher|historian|docent,cancer
Q2713542,female,Italy,opera singer,cancer
Q27910498,female,South Africa,activist|writer,cancer
Q279225,male,United States,film actor|television actor|musical theatre actor|opera singer|voice actor|stage actor|singer|actor,disease
Q281604,male,Russia|Soviet Union,astronaut|physician,disease
Q269037,female,United States,singer|actor,disease
Q270291,female,Norway,jazz musician|recording artist|singer,disease
Q272214,female,United States,film actor|television actor|stage actor|singer|actor,disease
Q274158,female,Israel,film actor|model|singer|child actor,disease
Q268084,male,United States,video game actor|film screenwriter|autobiographer|film actor|television actor|film producer|voice actor|television director|actor|screenwriter,pneumonia
Q272508,male,United States,economist,pneumonia|sepsis
Q272877,male,France|Colombia,draftsperson|architectural draftsperson|sculptor|painter|illustrator,pneumonia
Q273768,male,Brazil,boxer|politician,pneumonia
Q267691,female,United States,essayist|novelist|journalist|writer|screenwriter,Parkinson's disease
Q26848,male,United States,American football player|professional wrestler|film actor|television actor|actor,pneumonia|heart failure
Q276399,male,Spain,association football player,traffic collision
Q281713,male,Trinidad and Tobago,association football player|association football coach,traffic collision
Q270152,female,Cambodia,politician|teacher,Alzheimer's disease
Q280657,male,United States,recording artist|banjoist|guitarist|singer-songwriter,myocardial infarction
Q283493,male,Russia,con artist,myocardial infarction
Q285254,male,United Kingdom,music educator|jazz musician|jazz guitarist|guitarist|record producer|composer,myocardial infarction
Q285908,male,People's Republic of China,film producer|film director|director|actor|screenwriter,myocardial infarction
Q2741772,male,India|Dominion of India,politician,myocardial infarction
Q270807,female,United States,television actor|film actor|film producer|model|erotic photography model|film director|voice actor|actor,dementia
Q283659,female,United States,feminist|peace activist|political activist|immunologist|essayist|opinion journalist|novelist|journalist|author|historian|politician|writer,stroke
Q286525,female,United Kingdom,game show host|television presenter|musician|singer-songwriter|singer|actor,stroke
Q2719376,female,Belgium,athletics competitor,euthanasia
Q279834,male,United States,film actor|television actor|stage actor|actor,leukemia
Q276026,male,Italy,sporting director|association football player|screenwriter,myocardial infarction
Q2844125,female,Spain,actor,lung cancer
Q271854,female,Japan,film actor|erotic photography model|nude model|actor,colorectal cancer
Q274348,female,Spain,short story writer|novelist|journalist|writer|screenwriter,colorectal cancer
Q269711,female,Sweden,sprinter,lung cancer
Q269809,female,United States,film actor|television actor|stage actor|singer|actor,lung cancer
Q272942,female,United States,singer,lung cancer
Q268412,male,Spain,association football player,leukemia
Q270812,female,Spain,film actor|dancer|stage actor|television presenter|singer|actor,lymphoma
Q272435,female,Spain,film actor|stage actor|film director|theatre director|television presenter|comedian|actor,lymphoma
Q284166,female,United States,autobiographer|television actor|film actor|model|director|film producer|film director|stage actor|singer|screenwriter,breast cancer|bone cancer
Q2736035,female,Occupied Palestinian territories|Palestine,singer-songwriter|singer|composer,breast cancer
Q2706784,male,Chile,association football player|association football coach,respiratory failure
Q2883930,female,United States,film actor|television actor|voice actor|stage actor|singer|actor,respiratory failure
Q2719663,male,New Zealand,association football player,prostate cancer
Q26897001,male,United States,film director|screenwriter,hanging to death
Q270731,female,United States,beauty pageant contestant|reality television participant|professional wrestler|model|radio personality|Playboy Playmate|manager,hanging to death
Q270935,male,United States,songwriter|guitarist|musician|singer,hanging to death
Q270947,female,United States,basketball coach|basketball player,heart failure
Q272594,female,United States,film actor|television actor|actor,heart failure
Q275094,female,United States,fashion designer|fashion editor|entrepreneur,hanging to death
Q276167,female,United States,acting coach|film actor|television actor|stage actor|singer|writer|actor,heart failure
Q280229,male,Japan,linguist|archaeologist|historian|politician|military personnel,heart failure
Q285351,female,Sweden,autobiographer|television presenter|singer|actor,heart failure
Q267283,female,United States,film actor|model|erotic photography model|actor,pancreatic cancer
Q272012,male,United States|Kingdom of the Netherlands,keyboardist|guitarist|songwriter|record producer|composer,laryngeal cancer|cerebral hemorrhage
Q272857,female,United States,film actor|television actor|stage actor,respiratory failure
Q268569,female,France,film actor|model|fashion model|film director|director|actor|screenwriter,cerebral hemorrhage
Q272588,male,Malaysia,civil servant|diplomat|politician,multiple organ dysfunction syndrome
Q270691,female,India,film actor|film producer,drowning
Q26958682,male,Switzerland,sport cyclist,blunt trauma
Q27063922,female,Russia|Australia,figure skater,blunt trauma
Q269513,female,United States|People's Republic of China|Republic of China|British Hong Kong,film actor|television actor|actor,corticobasal degeneration
Q272642,female,United Kingdom,politician,brain cancer
Q276510,male,Nicaragua,revolutionary|visual artist|sculptor|painter|theologian|artist|lyricist|translator|Catholic priest|poet|politician|writer,cardiac arrest|chronic renal insufficiency
Q280767,male,Belgium,association football player|association football coach,cardiac arrest
Q278403,male,Bangladesh|Pakistan|British Raj,university teacher|diplomat|politician,pneumonitis
Q26914344,male,Iran,amateur wrestler|powerlifter|weightlifter|sport cyclist,sports injury
Q2724864,male,United Kingdom,basketball player,gunshot wound
Q28561969,male,United States,rapper|songwriter|record producer|singer,gunshot wound
Q281294,male,France,Formula One driver|racing automobile driver,diffuse axonal injury
Q268961,male,United Kingdom,university teacher|mathematician,COVID-19
Q268987,female,South Africa,athletics competitor,falling from height
Q269014,male,India,athletics competitor,COVID-19
Q279088,male,Germany|German Democratic Republic,wood engraver|draftsperson|jazz musician|percussionist|visual artist|opinion journalist|university teacher|graphic artist|filmmaker|sculptor|painter|musician|illustrator|author|cinematographer|writer,cerebrovascular disease
Q2756349,male,United Kingdom,recording artist|singer-songwriter|singer|composer,falling from height
Q281908,male,United States,producer|songwriter|lyricist|musician|pianist|singer-songwriter|singer|record producer|composer,kidney failure
Q269890,male,United States,stand-up comedian|film actor|television actor|dancer|voice actor|television presenter|comedian|singer|actor,kidney failure
Q2689090,male,United States,Elefenist|linguist|university teacher|psychologist,pancreatic cancer
Q27214,male,United States|United Kingdom,podcaster|radio personality|film producer|journalist|television presenter|musician|news presenter|lawyer|politician|actor,pancreatic cancer
Q270529,male,Russia|Soviet Union,journalist|arabist|diplomat|politician|economist,liver cancer
Q2821724,male,statelessness|Ba'athist Iraq,terrorist|rapist|military leader|condottiero|imam,suicide bombing
Q2824007,male,United States,musician|record producer|composer,COVID-19
Q26776,male,Socialist Federal Republic of Yugoslavia,politician,COVID-19
Q280445,female,France,film actor|actor,
Q283227,male,Ireland,theatre director|translator|playwright|politician|writer,
Q283335,female,United States,television actor|film actor|singer|actor,
Q283436,female,Spain,film actor|film director|stage actor,
Q284360,male,United States|France,film director|photojournalist|journalist|artist|photographer,
Q285312,male,United States,recording artist|rock musician|guitarist|songwriter|singer-songwriter|singer,
Q285374,male,United Kingdom,trade unionist|serial killer,
Q285405,male,Australia,tennis player,
Q287549,male,United States,film actor|television actor|voice actor|stage actor|actor,
Q287793,male,United States,film actor|film producer|film director|director|voice actor|television producer|comedian|writer|actor|screenwriter,
Q288189,female,Albania,journalist|partisan|politician,
Q288542,female,United States,competitive diver|swimmer,
Q288627,female,United Kingdom,film screenwriter|novelist|children's writer|writer,
Q288756,male,Finland,philosopher|university teacher,
Q2698639,female,Japan|Empire of Japan,actor,
Q2704545,male,Ukraine|Soviet Union,association football player|association football coach,
Q2704774,male,Ukraine|Soviet Union,metallurgist|researcher|university teacher|inventor|engineer|politician,
Q2706328,male,Italy,association football player,
Q2706713,male,France,association football player|association football coach,
Q2706975,male,United Kingdom,association football player|association football coach,
Q2707483,male,Ukraine|Soviet Union,association football player|association football coach,
Q2707629,male,Russia,association football player|association football coach|coach,
Q2719796,male,Ireland,association football player|association football coach,
Q2720690,male,Cameroon,association football player|association football coach,
Q2723290,female,India,singer,
Q2723418,male,Australia,cricketer,
Q2723731,male,India,dancer|choreographer|singer|composer,
Q2723854,male,India,musician|singer,
Q2736550,male,India|Dominion of India|British Raj,politician,
Q2741142,female,Sweden,social activist|psychologist|politician,
Q2743657,male,Serbia,association football player|association football coach,
Q2760338,male,Israel,Posek|rabbi,
Q2761461,male,France,association football player,
Q2821079,male,France|Algeria,journalist|politician|writer,
Q2840866,male,Ivory Coast,minister|politician|engineer,
Q2880506,male,India|British Raj,multi-instrumentalist|playback singer|music director|singer|poet|composer|actor,
Q28036573,,,,
Q28105001,female,France,religious sister|nurse,
Q28748031,male,United States,real estate developer|business executive|association football player,
Q27122,male,Czech Republic|Czechoslovakia,discoverer of asteroids|astronomer|scientist,
Q28871,male,Poland,sport cyclist,
Q285339,male,Italy|Kingdom of Italy,film actor|film director|director|stage actor|television director|playwright|actor|screenwriter,bronchitis
Q271448,female,United Kingdom,novelist|artistic director|stage actor|writer|actor|screenwriter|radio drama actor|television actor|film actor|dancer,
Q271471,male,United States,television actor|Internet celebrity|voice actor|comedian|stunt performer|actor,
Q271507,female,Hungary,swimmer|pharmacist|coach,
Q271532,male,United Kingdom,geneticist|biologist|physician,
Q271569,female,United States|United Kingdom,film actor|film producer|stage actor|actor,
Q271605,female,Finland,cross-country skier,
Q271883,female,United States,film actor|television actor|stage actor,
Q271885,female,Italy|France,film actor,
Q271929,female,Kingdom of the Netherlands,athletics competitor|sprinter,
Q271939,male,United States,military aviator|fighter pilot|test pilot|airman|military officer,
Q272412,female,United States,film actor|television actor|stage actor|actor,
Q272494,female,Spain,alpine skier,
Q272496,female,United States,musician|singer|actor,
Q272550,female,United Kingdom,novelist|singer|writer|actor,
Q272579,female,United Kingdom,film actor|ballerina|television actor|dancer|stage actor|musician|pianist|singer|actor,
Q272610,male,United States,film screenwriter|novelist|playwright|writer,
Q272638,female,United States,essayist|novelist|university teacher|writer|screenwriter,
Q272650,female,Italy|Kingdom of Italy,essayist|journalist|translator|partisan|politician|writer,
Q272676,female,Australia,tennis player,
Q272873,female,New Zealand,athletics competitor|sprinter,
Q272923,male,United States,film actor|television actor|film producer|actor,
Q272931,female,United States,recording artist|violinist|guitarist|singer-songwriter|screenwriter,
Q272935,female,United States,voice actor|television presenter|singer|comedian|writer|actor,
Q273035,female,France,women's rights activist|opinion journalist|journalist|writer,
Q267426,female,Soviet Union,cross-country skier,
Q267528,male,United Kingdom,association football player,
Q267693,male,France,association football player,
Q267724,female,Spain|Italy,model|actor,
Q267782,female,Hungary|United States,bank employee|swimmer|model,
Q267814,female,United States,film actor|television actor|stage actor|actor,
Q268262,female,Israel,social activist|journalist|human rights defender|politician|writer,
Q268726,female,Spain,film actor|actor,
Q268748,female,Germany,manufacturer|painter|photographer,
Q268755,female,United States,science fiction writer|novelist|children's writer|writer,
Q269372,male,Australia,trade unionist|union organizer|politician,
Q269409,male,New Zealand,middle-distance runner|long-distance runner,
Q269832,female,France,beauty pageant contestant|film actor|model|actor,
Q269881,female,France,film actor|singer|actor,
Q270271,female,France,university teacher|political scientist|historian|politician,
Q270367,male,Spain,association football player|association football coach,
Q270411,female,France,music educator|opera singer,
Q270601,female,El Salvador|Nicaragua,prose writer|essayist|linguist|children's writer|novelist|journalist|translator|poet|writer,
Q270645,female,Gabon,politician|lawyer,
Q270970,male,Finland,songwriter|guitarist|musician|singer|composer,
Q271051,female,United States,television actor|film actor|stage actor|actor,
Q271109,female,United States,television actor|film actor|stage actor|actor,
Q271284,male,United Kingdom,producer|film actor|film editor|film producer|director|film director|screenwriter,
Q271314,female,Sweden,literary critic|film director|playwright|poet|writer,
Q273478,female,Kingdom of the Netherlands,speed skater,
Q273561,female,France,high jumper|athletics competitor|basketball player,
Q273803,female,France,film actor|stage actor|actor,
Q273866,male,Iran|Pahlavi Iran,essayist|economist|journalist|politician|writer,
Q273898,female,United States,journalist|politician,
Q274078,female,United States,jazz singer|singer,
Q274169,female,United States,voice actor|singer|actor,
Q274746,female,Romania,athletics competitor,
Q275370,female,United States|Belgium,philosopher|university teacher|theologian,
Q275830,male,France,track cyclist|sport cyclist,
Q275945,female,Guinea-Bissau,minister|partisan|politician,
Q276049,male,People's Republic of China,politician|military personnel,
Q276179,female,United States|Finland,dancer|film actor|television actor|stage actor|ballet dancer|actor,
Q276456,male,Spain,Catholic bishop|Catholic priest,
Q276567,male,Bulgaria,non-fiction writer|philosopher|politician,
Q276678,female,United Kingdom,flautist|saxophonist|jazz musician|composer,
Q277895,male,Canada|United States,film actor|television actor|voice actor|songwriter|television presenter|comedian|singer|composer|screenwriter,
Q278813,male,Ukraine|Soviet Union,music educator|musicologist|composer,
Q278921,male,Norway,canoeist,
Q280121,male,Slovakia|Czechoslovakia,boxing trainer|boxer|coach,
Q280301,male,Russia,aircraft pilot|test pilot|inventor|military officer|astronaut,
Q280348,male,Germany,bookkeeper|soldier,
Q310985,male,Italy,recording artist|musician|record producer|disc jockey|composer,cancer
Q3046138,male,United States|Czech Republic,recording artist|guitarist|film director|musician|singer-songwriter|pianist|record producer|singer|composer,cancer
Q3126401,male,Ivory Coast,journalist|minister|politician,cancer
Q29021,male,Finland,bank manager|economist|politician,Alzheimer's disease
Q2915031,female,Israel,philanthropist,disease
Q310129,male,Dominica,diplomat|politician,myocardial infarction
Q310668,male,Ivory Coast,association football player,myocardial infarction
Q3038028,male,United States,film actor|opinion journalist|director|film director|actor|screenwriter,myocardial infarction
Q3051017,male,United States,baseball player,myocardial infarction
Q3107617,female,India|Dominion of India|British Raj,singer,myocardial infarction
Q3121114,male,India,film producer|film director|actor|screenwriter,myocardial infarction
Q3126013,male,Turkey,television actor|actor|screenwriter,myocardial infarction
Q3053937,male,Egypt|Republic of Egypt|United Arab Republic|Kingdom of Egypt,novelist|film director|journalist|writer,pneumonia
Q3074353,female,United States,molecular biologist|virologist,pneumonia
Q311768,male,Romania,association football player|politician,endocarditis
Q310900,male,United Kingdom,journalist|historian|war correspondent|writer,stroke
Q3056379,male,India|Dominion of India|British Raj,trade unionist|co-producer|editor|journalist|politician|writer,swine influenza
Q2978393,female,United States,geophysicist|planetary scientist|geologist|astronomer,breast cancer
Q3087644,female,United States,ghost singer|music educator|opera singer|stage actor|actor,breast cancer
Q2967601,male,United States,stand-up comedian|film actor|television actor|film producer|dancer|film director|voice actor|puppeteer|television producer|comedian|singer|screenwriter|actor,heart failure
Q2992264,male,Ukraine|Soviet Union,pedophile|rapist|criminalist|serial killer,heart failure
Q311253,male,United States,science fiction writer|literary critic|novelist|journalist|film critic|editor|writer|screenwriter,cardiac arrest
Q297804,female,France,entrepreneur|economist|businessperson,Alzheimer's disease
Q290870,male,Germany,sports commentator|association football player|association football coach,Parkinson's disease
Q293385,male,Guatemala,politician,Parkinson's disease
Q2904131,male,United States,investment banker|financier|human trafficker|merchant|teacher,hanging to death
Q2939998,female,United Kingdom,television actor|radio personality|television presenter|actor,hanging to death
Q28967460,female,India,actor,hanging to death
Q29513261,male,Iran,essayist|journalist,hanging to death
Q311259,male,Turkey|Bulgaria,weightlifter,liver cirrhosis
Q289743,female,United States,actor,pneumonia
Q305523,male,Japan,novelist|translator|writer|actor,pneumonia
Q295207,male,United States,director|film producer|film director|costume designer|screenwriter,cancer
Q296639,male,United Kingdom,politician|biographer,cancer
Q298224,female,Ghana,activist|novelist|politician|academic|playwright|minister|poet|writer,disease
Q295257,male,France,producer|television actor|film actor|director|stage actor|film producer|film director|actor|screenwriter,stroke
Q295847,male,United States,recording artist|autobiographer|television actor|film actor|theatre director|stage actor|film producer|singer|actor,stroke
Q3036761,female,United States,beauty pageant contestant|film actor|television actor|model|songwriter|singer|screenwriter|actor,pancreatic cancer
Q295262,male,Brazil,sports commentator|association football player|association football coach,myocardial infarction
Q298818,male,United States,television actor|film actor|stage actor|military officer|actor,myocardial infarction
Q307237,male,Syria|Second Syrian Republic|United Arab Republic,diplomat|politician|lawyer,myocardial infarction
Q308459,male,Australia,film actor|television actor|film producer|voice actor|stage actor|writer|actor|screenwriter,myocardial infarction
Q310176,male,United Kingdom,film screenwriter|short story writer|science fiction writer|essayist|memoirist|novelist|literary critic|journalist|university teacher|writer|screenwriter,esophageal cancer
Q291915,female,Italy|France,film actor|radio personality|stage actor|television presenter|writer|actor,lung cancer
Q291116,female,Kingdom of the Netherlands,recording artist|film actor|television presenter|singer,breast cancer
Q299662,female,United States,video artist|installation artist|new media artist|multimedia artist|performance artist|visual artist|film director|graphic artist|choreographer|painter|university teacher|artist|photographer,breast cancer
Q2895606,male,Iran|Pahlavi Iran,nuclear physicist|military personnel,gunshot wound
Q294351,male,Serbia|Serbia and Montenegro|Socialist Federal Republic of Yugoslavia,association football player|association football coach,leukemia
Q311511,male,Brazil,association football player|association football coach,multiple organ dysfunction syndrome
Q3111125,female,United States,anthropologist|archaeologist|historian,multiple organ dysfunction syndrome
Q310203,male,Mauritania,politician,kidney failure
Q30487,male,Russia|Soviet Union,film actor|environmentalist|jurist|economist|politician|lawyer,kidney failure
Q294641,male,United States,television actor|film actor|stage actor|voice actor,heart failure
Q297736,male,Russia,prose writer|novelist|opinion journalist|director|poet|photographer|writer|teacher|screenwriter|actor,heart failure
Q304874,male,United States,critic|prose writer|essayist|novelist|literary critic|journalist|university teacher|military officer|writer,heart failure
Q309926,male,United Kingdom,bass guitarist|rock musician|guitarist|record producer|singer|composer,heart failure|prostate cancer
Q312308,male,Italy|Kingdom of Italy,criminal|serial killer,renal cell carcinoma
Q310989,male,United States,Olympic competitor|athletics competitor|athlete|politician,lymphoma
Q2917787,male,Spain,university teacher|translator|poet|architect|writer,lymphoma
Q30121972,male,United States,political pundit|political activist|conspiracy theorist|podcaster|apologist|writer,shot to the neck
Q310769,male,United Kingdom,university teacher|mathematician,cerebrovascular disease
Q311393,male,Kingdom of the Netherlands,association football player,progressive muscular atrophy
Q2918056,male,France|United Kingdom,chef|businessperson,idiopathic pulmonary fibrosis
Q296423,male,United States,pharmacologist|biochemist|physiologist|biologist|pharmacist|university teacher,pancreatic cancer
Q298521,male,United States,logician|philosopher|university teacher|mathematician|writer,pancreatic cancer
Q310574,male,Botswana,secondary school teacher|politician,surgical complications
Q312395,male,United States,percussionist|songwriter|guitarist|drummer|singer,"Tricyclic antidepressant overdose, opioides, benzodiazepinas, THC."
Q295307,male,Italy,association football player,colorectal cancer
Q296752,male,Spain,novelist|film screenwriter|publicist|journalist|writer|screenwriter,colorectal cancer
Q295873,male,United States,aircraft pilot|military flight engineer|airman|military officer|businessperson|astronaut|screenwriter,kidney cancer
Q298016,male,United States,lobbyist|columnist|politician|lawyer|television actor|film actor|radio personality|voice actor|actor,non-Hodgkin lymphoma
Q310357,male,United States,rapper|songwriter|record producer|actor,fentanyl toxicity
Q310773,male,India|Dominion of India|Pakistan,theoretical physicist|nuclear physicist|metallurgist|academic|physicist|engineer|scientist,COVID-19
Q310886,male,Chad,minister|politician|military personnel,COVID-19
Q2920357,male,Georgia|Soviet Union,official|economist|engineer|politician,COVID-19
Q3017223,male,United States,rally driver|sport cyclist|animator|businessperson,shot to the head
Q30081749,male,Iran,diplomat|ulema|politician,COVID-19
Q311655,male,United States,rock singer|rock musician|guitarist|singer-songwriter|singer|record producer|composer,drug overdose
Q29388200,male,United States|Sweden,model|songwriter|rapper|musician|singer,drug overdose
Q302091,male,United States,American football player,hanging to death
Q303350,male,Kingdom of the Netherlands,ethologist|primatologist|author|researcher|university teacher|zoologist|photographer,stomach cancer
Q295043,male,Serbia,politician,brain cancer
Q304885,male,United Kingdom,bassist|songwriter,acute erythroid leukemia
Q294918,male,Canada|United States,magician|philosopher|illusionist|writer,old age
Q301818,male,United States,film actor|television actor|rapper|songwriter|record producer|singer|actor,drowned in bathtub
Q298430,male,Argentina,politician|military officer,sepsis
Q292268,female,United States,feminist theorist|feminist|sculptor|film director|pedagogue|painter|public figure|artist|writer|photographer,cardiac arrest
Q295007,male,Argentina,politician|lawyer,cardiac arrest
Q299314,male,United States,film actor|television actor|voice actor|stage actor|character actor|actor,infectious disease
Q289756,male,Jamaica,association football player,amyotrophic lateral sclerosis
Q294583,male,United States,autobiographer|film actor|musician|theatre director|stage actor|film director|dramaturge|playwright|actor|screenwriter,amyotrophic lateral sclerosis
Q291749,female,United States,politician,falling from height
Q295537,male,France|Russia|Soviet Union|statelessness,short story writer|opinion journalist|journalist|human rights defender|dissident|poet|politician|writer,surgical complications
Q295615,male,France,association football player|association football coach,surgical complications
Q296724,male,Libya,politician,COVID-19
Q299161,male,Spain,novelist|journalist|editor|translator|professor|writer,COVID-19
Q306,male,Chile,sports executive|consultant|investor|economist|entrepreneur|engineer|politician,drowning
Q295855,male,Spain,film screenwriter|director|film director|filmmaker|writer|photographer|screenwriter,respiratory failure
Q304675,male,United States|United Kingdom,rapper|songwriter|record producer,angioedema
Q294927,male,United States,film screenwriter|vaudeville performer|producer|humanitarian|television actor|film actor|director|stage actor|film producer|film director|comedian|television producer|singer|writer|actor|screenwriter,cardiovascular disease
Q288970,female,Austria|Germany,beauty pageant contestant|film actor|actor,
Q289023,male,United States,electrical engineer|inventor|engineer|computer scientist,
Q289020,female,Italy,film actor|model,
Q289975,female,Kingdom of Denmark,film actor|singer,
Q290287,female,United Kingdom|Kingdom of Italy,suffragist|animal rights advocate|film actor|television presenter|writer|actor,
Q290345,female,France,film actor|musician|singer|actor,
Q290517,female,France,film actor|film producer|stage actor,
Q290536,male,United States,spiritual teacher|psychologist|philosopher|university teacher|guru|writer,
Q290641,female,Ukraine|Soviet Union,athletics competitor,
Q290713,female,Georgia|Soviet Union,athletics competitor|javelin thrower|athlete,
Q291309,female,United Kingdom,jazz singer|autobiographer|jazz musician|film actor|stage actor|singer|actor,
Q291438,female,United Kingdom|United Kingdom of Great Britain and Ireland,film actor|actor,
Q291443,female,United Kingdom,film actor|director|stage actor|singer,
Q291552,female,United States,film actor|television actor|stage actor,
Q291633,female,Norway,film actor|stage actor|singer|actor,
Q292340,female,United States,social worker|business executive|sociologist|politician,
Q292355,female,United States,model|songwriter|singer-songwriter|singer|composer,
Q292884,male,Andorra,businessperson|politician|lawyer,
Q293119,female,Mali,minister|politician,
Q293156,female,United States|Russia|Soviet Union,human rights defender|historian|politician|writer,
Q295012,male,United States,artificial intelligence researcher|linguist|philosopher|university teacher,
Q295768,male,Sweden,biochemist|university teacher|chemist|physician,
Q29573,female,United States,engineer|university teacher|physicist,
Q30510,female,Spain,recording artist|film actor|singer|actor,
Q31294,female,United Kingdom,film editor|consultant|film producer|projectionist|nurse|librarian,
Q295817,male,United States,Carmen Lyra|violinist|guitarist|songwriter|drummer,
Q295999,male,United States,pharmacologist|biologist|university teacher|physician,
Q296008,male,United Kingdom,television actor|film actor|screenwriter|actor,
Q296042,male,United States,non-fiction writer|social psychologist|psychologist|university teacher|author|screenwriter,
Q296350,male,Italy|Kingdom of Italy,association football player|association football coach,
Q296729,male,United States,autobiographer|jazz musician|recording artist|painter|singer|actor,
Q297271,male,United Kingdom,autobiographer|association football player|television presenter,
Q297425,male,United States,essayist|sociologist|journalist|futurist|writer,
Q298045,male,Sweden,neuroscientist|pharmacologist|pharmacist|university teacher|physician,
Q298180,female,Belgium|France,magistrate|politician|lawyer|author|judge,
Q298358,female,Canada|France,novelist|short story writer|playwright|poet|writer|screenwriter,
Q299149,male,United States,university teacher|astrophysicist|astronomer,
Q299211,male,Italy|France,fashion designer|grand couturier|businessperson,
Q299463,male,Georgia|Australia|Soviet Union,athletics competitor|athlete,
Q299743,male,Jordan,university teacher|diplomat|politician,
Q299989,female,Serbia|Socialist Federal Republic of Yugoslavia,film actor|stage actor|politician,
Q302262,male,Angola,journalist|theologian|Catholic bishop|Catholic priest,
Q302849,male,United States,professor of medicine|university teacher|psychiatrist,
Q302910,male,Kenya,essayist|novelist|philosopher|university teacher|playwright|writer,
Q303891,male,United Kingdom|United Kingdom of Great Britain and Ireland,producer|film screenwriter|film director|director|film producer|writer|screenwriter,
Q304056,male,Italy|Vatican City,Catholic bishop|Catholic priest|diplomat,
Q305669,male,Togo,politician,
Q306877,female,United States,film actor|television actor|actor,
Q307185,male,Saudi Arabia,qāriʾ|mufti,
Q307338,male,Yemen,diplomat|politician,
Q307451,male,Sudan,minister|politician,
Q309214,male,Canada,film director|film screenwriter|producer|film actor|director|film producer|actor|screenwriter,
Q309483,male,United States|Argentina,university teacher|architect|entrepreneur,
Q309716,male,France,literary theorist|literary editor|essayist|art critic|novelist|lecturer|university teacher|translator|poet|writer,
Q309979,male,United States,neuroscientist|biochemist|pharmacologist|university teacher,
Q310178,male,United States|United Kingdom,philosopher|university teacher,
Q310341,male,Italy,political philosopher|essayist|philosopher|school teacher|sociologist|criminal|political scientist|dramaturge|economist|politician|writer,
Q310515,male,United Kingdom,television actor|film actor|stage actor|actor,
Q310653,male,Kingdom of Denmark,merchant|politician,
Q310913,male,France|Vietnam,religious studies scholar|peace activist|spiritual teacher|Buddhist monk|monk|poet|writer,
Q310924,male,United States,military flight engineer|aircraft pilot|painter|test pilot|military officer|astronaut,
Q2914726,female,Kingdom of Egypt|Republic of Egypt|Jordan,university teacher,
Q2915699,male,Germany|Israel,literary scholar|librettist|university teacher|songwriter|translator|poet|writer,
Q2919314,female,France,activist|anthropologist|researcher|ethnologist|professor,
Q2959209,male,United States,university teacher|entrepreneur|computer scientist,
Q2967590,male,Ireland|United States,philanthropist|merchant,
Q2982590,male,Switzerland|Turkey,neurosurgeon|university teacher|surgeon|physician|scientist,
Q2995040,female,Switzerland|France|Brazil,songwriter|singer,
Q3014906,female,Czech Republic,literary theorist|literary historian|literary scholar|literary critic|translator|writer,
Q3025403,male,United States,anthropologist|university teacher|political scientist,
Q3027038,male,France,politician,
Q3027523,male,United States,cardiologist|military physician|surgeon,
Q3030888,male,United States,aerospace engineer|military flight engineer|engineer,
Q3041532,female,United States|Cuba,dissident|businessperson,
Q3061381,female,United States,university teacher|mathematician|computer scientist,
Q3081177,male,Spain,literary scholar|essayist|man of letters|prose writer|novelist|university teacher|editing staff|hispanist|poet|writer|screenwriter,
Q3084891,male,France,dub actor|film actor|television actor,
Q3085192,female,Indonesia,archer,
Q3120860,female,United States,philosopher|university teacher,
Q29441888,female,Japan|Empire of Japan,salesperson|businessperson,
Q28974,,,,
Q29230,male,Finland,diplomat|politician|teacher,
Q29418,male,United States,art critic|journalist|university teacher|translator|poet|writer,
Q311169,male,Canada,musician|actor,
Q311195,male,United States,sports executive|basketball player|basketball coach,
Q311355,male,Nicaragua,politician,
Q311476,male,Sweden,television writer|film screenwriter|literary critic|critic|novelist|playwright|writer|screenwriter,
Q311583,male,Israel,educator|playwright|diplomat|politician|writer,
Q311782,male,United States,business consultant|baseball player|diplomat|governor|politician|writer,
Q311793,male,Canada|Switzerland|France|Portugal|United Kingdom,philanthropist|racehorse owner and breeder|alpine skier|business magnate|merchant|imam|businessperson,
Q312013,male,Greece,diplomat|lawyer|politician,
Q312405,male,United States,science fiction writer|novelist|university teacher|mathematician|computer scientist|writer,
Q312519,male,France,holocaust denier|conspiracy theorist|academic,
Q312585,male,United States,university teacher|economist,
Q312716,male,The Gambia,politician,
Q312755,male,Belgium,astronomer,
Q312827,male,Japan|Empire of Japan,opinion journalist|university teacher|teacher|architect,
Q312855,male,Brazil,designer|restorer|university teacher|painter|urban planner|architect,
Q312881,male,Kingdom of Denmark,diplomat|politician,
Q2898525,female,United Kingdom,ethicist|philosopher|university teacher|writer,
Q315953,male,France|Madagascar,diplomat|politician,influenza
Q318549,male,South Africa,association football player,traffic collision
Q31792,male,France|Cameroon,association football player|association football coach,traffic collision
Q319133,male,Israel,dub actor|film actor|film producer|stage actor|painter|illustrator|singer|poet|writer|actor,Alzheimer's disease
Q332393,male,United Kingdom,trade unionist|politician,Alzheimer's disease
Q313522,male,United States,television actor|film actor|film producer|voice actor|film director|stage actor|actor,Alzheimer's disease
Q318220,male,United States,television actor|dub actor|film actor|voice actor|stage actor|actor,disease
Q320786,male,Poland|France,theatre director|pedagogue|actor,cancer
Q329758,male,Israel,pedagogue|playwright|writer|screenwriter,cancer
Q332607,male,United Kingdom,investment banker|barrister|politician|businessperson,cancer
Q333142,male,Ukraine|Soviet Union,sculptor|painter,cancer
Q3133978,female,India,film director|actor,cancer
Q3177150,male,United States,philosopher|journalist|political scientist|diplomat|writer,cancer
Q3309588,female,United Kingdom,stand-up comedian|film actor|film score composer|film director|television director|television producer|singer-songwriter|pianist|singer|screenwriter,cancer
Q314146,male,United States,philosopher|university teacher|writer,pneumonia
Q315087,male,United States,television actor|director|voice actor|film producer|film director|television producer|comedian|writer|actor|screenwriter,pneumonia
Q318370,male,Poland,laborer|politician,pneumonia|heart failure
Q317491,male,United States,science fiction writer|prose writer|novelist|illustrator|screenwriter|writer,stroke
Q318165,male,United States,television actor|model|film actor|film producer|voice actor|television director|actor,stroke
Q313797,male,France|Sahrawi Arab Democratic Republic,politician,lung cancer
Q319072,male,United States,radio pundit|children's writer|radio personality|journalist|writer,lung cancer
Q313281,male,United States|France,jazz musician|film director|music arranger|film score composer|pianist|musician|conductor|singer|composer|actor|screenwriter,sepsis
Q313545,male,United States,film producer|film director|television director|television producer|military personnel|actor|screenwriter,sepsis|cardiac arrest
Q315808,male,United States,librettist|film producer|lyricist|playwright|entrepreneur|screenwriter,HIV
Q320156,male,Tanzania,diplomat|minister|politician|lawyer,myocardial infarction
Q324925,male,United Kingdom,psychologist|writer,myocardial infarction
Q326878,male,United States,film actor|television actor|actor,disease
Q313697,male,United States,naval officer|entrepreneur|politician,leukemia
Q314834,male,United States,television actor|film actor|voice actor|stage actor|actor,leukemia
Q316013,male,Japan,video game producer|executive producer|game programmer|entrepreneur|computer scientist|engineer,cholangiocarcinoma
Q317824,male,North Korea|China,politician,poisoning
Q321245,male,United States,video artist|draftsperson|visual artist|sculptor|painter|television producer|artist,pneumonia
Q321322,male,Peru,terrorist|philosopher|university teacher,pneumonia
Q320005,male,Uganda,university teacher|minister|politician,prostate cancer|pulmonary embolism
Q331587,male,United States,television personality|stand-up comedian|television actor|film producer|comedian|conductor|actor|screenwriter,myocardial infarction
Q332323,male,United Kingdom,diplomat|jurist|minister|politician,myocardial infarction
Q333141,male,United Kingdom,politician,myocardial infarction
Q3178822,male,United States,film screenwriter|essayist|novelist|children's writer|poet|writer|screenwriter,myocardial infarction
Q319374,male,United States,mandolinist|guitarist|pianist|singer-songwriter|singer|record producer,heart failure
Q329719,male,United States,film actor|television actor|film producer|voice actor|stage actor|television director|television producer|writer|actor,heart failure|atrial fibrillation|chronic obstructive pulmonary disease
Q3273384,female,United States,autobiographer|activist,heart failure
Q313753,male,Senegal,association football player,amyotrophic lateral sclerosis
Q318750,male,United States,film producer|voice actor|film director|biologist|university teacher|cartoonist|painter|comics artist|animator|television producer|screenwriter|writer|actor,amyotrophic lateral sclerosis
Q319079,male,United States,jurist|politician|lawyer,lung cancer
Q313277,male,Argentina,association football player|association football coach,stomach cancer
Q319186,male,United States,philosopher|university teacher,Parkinson's disease
Q319351,male,United Kingdom,autobiographer|middle-distance runner|athletics competitor|athlete|neurologist|physician,Parkinson's disease
Q3331362,male,Myanmar,military leader|military officer|politician|military personnel,Parkinson's disease
Q315958,male,Spain,tennis player,cancer
Q317086,male,Kingdom of the Netherlands,association football player|association football coach,cancer
Q332485,female,Mexico,film actor|television actor|film producer|theatrical producer|stage actor|television producer|politician|actor,respiratory failure|community-acquired pneumonia
Q3153,male,United Kingdom,Formula One driver|motorcycle racer|sporting director|merchant,respiratory failure
Q313481,male,United States|Democratic Republic of the Congo,basketball player,brain tumor
Q313649,male,Japan|Empire of Japan,music director|musician|conductor,heart failure
Q320218,male,United States,American football player|Canadian football player|professional athlete|film actor|television actor|film producer|film director|voice actor|association football player|actor|screenwriter,coronary artery disease
Q322056,male,United States,film actor|television actor|stage actor|musician,coronary artery disease
Q314269,male,United States,peace activist|political activist|publisher|activist shareholder|journalist|painter|bookseller|playwright|translator|military officer|poet|writer,interstitial lung disease
Q315528,male,Taiwan|Empire of Japan|Republic of China,plant physiology|politician,septic shock
Q314133,male,United States,film actor|television actor|voice actor|actor,traumatic asphyxia
Q314338,male,Belarus|Soviet Union,nuclear physicist|university teacher|physicist|engineer|politician,COVID-19
Q316413,male,Spain,furniture designer|film director|urban planner|architect|writer,COVID-19
Q320523,male,United States,electrical engineer|television presenter|actor,intracranial aneurysm
Q3183397,male,United States,film actor|television actor|voice actor|actor,gunshot wound
Q3246911,female,United States,motivational speaker|film actor|singer-songwriter|nurse|singer|actor,gunshot wound
Q333544,male,United States,podcaster|stand-up comedian|film producer|voice actor|film director|television presenter|screenwriter,blunt trauma
Q313668,male,Canada|United States,jazz musician|musician|lyricist|songwriter|drummer|composer|writer,glioblastoma
Q314459,male,United States,city attorney|politician|lawyer,pancreatic cancer
Q316264,male,Papua New Guinea,radio journalist|politician|teacher,pancreatic cancer
Q312956,male,Russia,hammer thrower|athletics competitor|physical education teacher,myocardial infarction
Q313526,male,Italy,sport cyclist,myocardial infarction
Q315214,male,Iraq,journalist|statesperson|diplomat|politician,myocardial infarction
Q316267,male,Tuvalu,diplomat|politician,myocardial infarction
Q319553,male,United States,motorcycle racer,struck by vehicle|bicycle accident
Q326654,male,United States,conservationist|environmentalist|entrepreneur,hypothermia
Q3191765,male,India,film producer|actor|screenwriter,progressive supranuclear palsy
Q323331,male,Hungary|United States,university teacher|mathematician,cardiac amyloidosis
Q324726,male,United States,rapper|songwriter|record producer|singer,drug overdose
Q333201,male,United Kingdom|Russia|Soviet Union,opera singer,brain cancer
Q313289,male,United Kingdom,science fiction writer|novelist|children's writer|environmentalist|author|poet|writer|screenwriter,hematopoietic system disease
Q313852,male,France|Bulgaria,semiologist|non-fiction writer|literary theorist|essayist|literary scholar|critic|philosopher|literary critic|sociologist|geologist|historian,neurological disorder
Q316226,male,Italy,politician,falling
Q327142,male,Turkey,short story writer|novelist|journalist|translator|poet|writer|screenwriter,multiple organ dysfunction syndrome
Q3141326,male,People's Republic of China,botanist|agronomist|biologist|inventor,multiple organ dysfunction syndrome
Q319350,male,Italy,essayist|furniture designer|visual artist|designer|graphic artist|painter|sculptor|graphic designer|architect|teacher,COVID-19
Q319751,male,United Kingdom,recording artist|film score composer|keyboardist|musician|composer,shot to the head
Q3312145,male,United States,musician,car collision
Q314664,male,Russia|Soviet Union,hammer thrower,cardiovascular disease
Q316179,male,United States,basketball coach|basketball player,cardiovascular disease
Q315720,male,Japan,diplomat|politician,senility
Q317135,male,Japan|Empire of Japan,university teacher|architect,senility
Q313539,male,Tunisia|French protectorate of Tunisia,diplomat|politician|lawyer,respiratory failure
Q314290,male,United States,film actor|television actor|musician|character actor|singer|actor,respiratory failure
Q317891,male,Pakistan|Bangladesh|British Raj,politician|lawyer,respiratory failure
Q317465,male,British Raj|Pakistan,philanthropist|humanitarian|autobiographer|social activist|social worker,kidney failure
Q316315,male,Italy|Kingdom of Italy,criminal|mobster,bladder cancer
Q3302436,male,United States,banjoist|musician|singer-songwriter,skin cancer
Q332950,male,United Kingdom,journalist|politician,internal bleeding
Q325679,male,Germany|Israel,newspaper editor|peace activist|opinion journalist|human rights defender|journalist|politician|writer,cerebrovascular disease
Q31442,male,Italy|Argentina,association football player,aircraft crash
Q319137,male,United States,entrepreneur,non-Hodgkin lymphoma
Q333066,male,United Kingdom,diplomat|politician,bladder cancer
Q333187,male,Czech Republic|Czechoslovakia,painter|singer|composer|actor,acute myeloid leukemia
Q318188,male,United Kingdom|United Kingdom of Great Britain and Ireland,literary critic|playwright|dramaturge|screenwriter|writer,
Q318292,male,United States,producer|television actor|film screenwriter|film actor|film producer|film director|director|screenwriter|military officer|military personnel|actor|writer,
Q318334,male,Kingdom of the Netherlands,peace activist|diplomat|university teacher|politician|lawyer,
Q318513,male,United States,military flight engineer|aircraft pilot|military officer|astronaut,
Q318619,male,United States,recording artist|jazz musician|bandleader|conductor|pianist|musician|composer,
Q318636,male,United Kingdom|United Kingdom of Great Britain and Ireland,violinist|musician|conductor|composer,
Q318814,male,Russia|Soviet Union,astronomer|astrophysicist,
Q318923,male,Latvia|Soviet Union,javelin thrower,
Q318960,male,Kenya,paleoanthropologist|autobiographer|conservationist|anthropologist|environmentalist|paleontologist|university teacher|politician,
Q319277,male,United States,pop singer|guitarist|lyricist|singer-songwriter|composer,
Q319794,male,Norway,biathlete|color commentator,
Q320726,male,United Kingdom,guitarist|lyricist|songwriter|musician|singer,
Q321365,male,France|Georgia|Soviet Union,film editor|director|film director|filmmaker|documentary filmmaker|pedagogue|pianist|conductor|composer|actor|screenwriter,
Q323218,male,Haiti,politician|judge,
Q323292,male,Poland,politician,
Q324108,male,Mali,politician,
Q324302,male,United States,film actor|television actor|actor,
Q324944,male,France,audiobook narrator|literary theorist|essayist|novelist|philosopher|literary critic|director|publisher|sex symbol|writer|screenwriter,
Q325471,male,Morocco,association football player|association football coach,
Q325710,male,United States,bodyguard|intelligence agent,
Q325802,male,Paraguay,association football player|association football coach,
Q325975,male,Uruguay,association football player|association football coach,
Q326823,male,Hungary,essayist|sociologist|journalist|writer,
Q326830,male,Norway|Germany,sociologist|university teacher|political scientist|mathematician|writer,
Q327190,male,Kingdom of Denmark,politician|lawyer,
Q327978,male,United Kingdom,association football player,
Q329459,,,,
Q329700,male,United States,film actor|television actor|painter|character actor|writer|actor|screenwriter,
Q330432,male,United States,film actor|television actor|stunt performer|actor,
Q331773,male,Serbia|Serbia and Montenegro|Socialist Federal Republic of Yugoslavia,political commissar|diplomat|politician,
Q332360,male,United Kingdom|United Kingdom of Great Britain and Ireland,autobiographer|engineer|politician|writer,
Q332576,male,United Kingdom,trade unionist|politician,
Q332610,male,Ireland|United States,engineer|architect,
Q333250,female,United Kingdom,politician,
Q333460,male,India|British Raj,philanthropist|engineer|entrepreneur|businessperson,
Q333620,male,United States,prophet|priest|writer,
Q3137969,male,Ecuador,athletics competitor,
Q3154381,female,Russia,singer|actor,
Q3186033,male,United States,sociolinguist|non-fiction writer|linguist|sociologist|university teacher,
Q3207366,female,Spain|France,bailadora flamenca|dancer|painter|actor,
Q3240738,male,United States,Protestant theologian|non-fiction writer|radio personality|theologian|pastor|writer,
Q3246068,male,Japan,association football player,
Q3250277,male,Bangladesh|Pakistan|British Raj,barrister|politician,
Q3276635,male,United States,politician|lawyer,
Q3279442,male,United States|Republic of China,university teacher|geographer|writer,
Q3288614,male,France,singer,
Q3293913,female,Greece,politician|physician,
Q3297953,female,United States,film actor|dancer|choreographer|stage actor|actor,
Q3303105,male,Japan,association football player|association football coach,
Q3320231,female,Spain,molecular biologist|molecular geneticist|geneticist|biochemist|university teacher|scientist,
Q3324468,male,Canada,journalist|comedian|actor,
Q3335602,female,United States,astronomer,
Q3281,female,Sweden,film director|politician|writer,
Q31959,male,United States,autobiographer|jazz musician|jazz guitarist|guitarist|musician|composer|writer,
Q32439,female,France,audiobook narrator|film actor|actor,
Q33218,female,Spain,dog breeder|horse breeder,
Q314801,male,United States,actor|screenwriter|film actor|television actor|stage actor|director|character actor,
Q315348,male,United States,sports journalist|land artist|draftsperson|visual artist|painter|sculptor|illustrator|artist|poet|writer,
Q315408,male,United Kingdom,banjoist|guitarist|songwriter|singer-songwriter|singer,
Q315417,male,Jamaica,songwriter|musician|record producer|singer|disc jockey|composer,
Q315454,male,Italy|Kingdom of Italy,population geneticist|anthropologist|geneticist|biologist|university teacher,
Q315579,male,Japan,politician,
Q315683,male,United States,novelist|university teacher|writer,
Q315868,male,Azerbaijan|Israel,Bible translator|linguist|radio personality|journalist|translator|writer,
Q315972,male,Japan,diplomat|politician,
Q315979,male,Australia,politician,
Q316147,male,United States|Hungary,philosopher|university teacher|psychologist,
Q316282,male,United Kingdom,guitar performance|recording artist|autobiographer|guitarist|songwriter|pianist|singer|composer,
Q316417,male,United States,test pilot|aircraft pilot|military personnel|astronaut,
Q316857,male,United States,television actor|video game actor|film actor|film producer|voice actor|screenwriter|comedian|actor,
Q316942,male,Democratic Republic of the Congo,politician|minister,
Q317114,male,Germany,judoka|university teacher,
Q317139,male,Spain|Argentina,draftsperson|caricaturist|cartoonist|comics artist,
Q317161,male,United States,saxophonist|jazz musician|composer,
Q317405,male,Norway,politician|economist,
Q317681,male,Mexico,diplomat|politician|jurist,
Q317792,male,Russia,physician|astronaut,
Q313001,male,United Kingdom,literary theorist|novelist|literary critic|university teacher|playwright|writer|screenwriter,
Q313013,male,United States,bass guitarist|music executive|music arranger|keyboardist|pianist|songwriter|guitarist|record producer|musician|singer-songwriter|singer|composer|actor,
Q313023,male,United States|United Kingdom,television actor|film actor|stage actor|author|musician,
Q313139,male,United States,poker player|writer,
Q313242,male,Mali,politician|military personnel,
Q313347,male,United Kingdom,Catholic bishop|Catholic priest,
Q313364,male,Switzerland,association football national coach|association football player|association football coach,
Q313399,male,Russia,aircraft pilot|politician|military personnel|writer|astronaut,
Q313411,male,United States,university teacher|diplomat|entrepreneur|economist|politician|military personnel,
Q313452,male,Russia|Soviet Union,amateur wrestler|politician,
Q313464,male,United States,television actor|film actor|voice actor|weather presenter|writer|actor,
Q313505,male,United Kingdom,singer,
Q313674,male,United Kingdom,autobiographer|association football national coach|association football player|association football coach,
Q313905,male,Greece,pole vaulter|athletics competitor,
Q313908,male,Kingdom of the Netherlands,sociologist|university teacher|psychologist|economist,
Q314009,male,Sri Lanka,politician,
Q314039,male,United Kingdom,autobiographer|association football player|association football coach,
Q314148,male,France,secondary school teacher|university teacher|historian,
Q314424,male,United States,film actor|television actor|dancer|guitarist|singer-songwriter|pianist|singer|record producer|composer|actor,
Q314630,male,Chile,association football player|association football coach,
Q314636,male,United States,draftsperson|designer|university teacher|painter|architect,
Q356990,male,Slovakia|Czechoslovakia,university teacher|pedagogue|banker|economist|politician,Parkinson's disease
Q359381,male,Saudi Arabia,arms trader|entrepreneur|businessperson,Parkinson's disease
Q357757,male,United States,basketball player,traffic collision
Q353155,male,United States,film actor|television actor|stage actor|actor,disease
Q361238,male,United States,program host|director|television director|actor,Alzheimer's disease
Q333833,male,Italy,diplomat|jurist|politician|judge,cancer
Q336766,male,United Kingdom,university teacher|theologian|rabbi,cancer
Q347679,male,Moldova,politician,cancer
Q356741,male,Ethiopia,historian|minister|politician,disease
Q3514842,female,United States,film actor|television actor|stage actor|musician|singer|actor,disease
Q354634,male,United States,architectural theoretician|critic|designer|landscape architect|art historian|historian|architect,cancer
Q3533955,female,Morocco,film actor|theatre director|stage actor|politician|actor,cancer|COVID-19
Q354659,male,United States,university teacher|physicist|mathematician,myocardial infarction
Q355652,male,United States,draftsperson|comics artist|illustrator|screenwriter,myocardial infarction
Q356389,male,Barbados,economist|politician,myocardial infarction
Q357951,male,Iran|statelessness|Pahlavi Iran,memoirist|refugee,myocardial infarction
Q3369416,male,Cameroon,association football player,myocardial infarction
Q3575702,male,Serbia|Yugoslavia,association football coach|association football player,myocardial infarction|COVID-19
Q334219,male,Italy,short story writer|prose writer|novelist|director|film director|television director|playwright|poet|writer|screenwriter,myocardial infarction
Q336222,male,United States,guitarist|songwriter|singer,myocardial infarction
Q345221,male,United Kingdom,association football coach|association football player,myocardial infarction
Q349033,male,Barbados,politician|judge,myocardial infarction
Q352611,male,Italy|Uruguay|Kingdom of Italy,association football player|association football coach,myocardial infarction
Q352713,male,United States,professional wrestler,myocardial infarction
Q352820,male,United Kingdom,sports commentator|association football player|association football coach,myocardial infarction
Q358158,male,France|Brazil,environmentalist|photojournalist|painter|economist|photographer,leukemia
Q358519,male,Canada,ice hockey player,stroke
Q335232,male,United States,novelist|essayist|university teacher|author|playwright|professor|writer|screenwriter,lung cancer
Q342862,male,United States,air force officer|balloonist|fighter pilot,lung cancer
Q3516498,male,United States,film actor|television actor|painter|actor|screenwriter,liver cancer
Q361139,male,United States,politician,lung cancer
Q34580,male,Japan,tarento|lyricist|singer-songwriter|seiyū|singer|composer|actor,lung cancer
Q361149,male,United States,novelist|science fiction writer|mechanical engineer|editor|military engineer|writer,heart disease
Q360471,male,United Kingdom|Russia|Soviet Union,neurophysiologist|human rights defender|dissident|politician|writer,cardiac arrest
Q3473673,female,India,dancer|choreographer|screenwriter,cardiac arrest
Q3518489,male,India|British Raj|Dominion of India,politician|military personnel|writer,cardiac arrest
Q3595821,female,India|British Raj|Dominion of India,dancer|choreographer|teacher|writer,respiratory failure
Q335,male,Chile,university teacher|jurist|politician|lawyer,respiratory failure
Q355237,male,France,philosopher|anthropologist|sociologist|professor|writer,pancreatic cancer
Q361297,male,United States,music executive|autobiographer|boxer|talent agent|talent manager|musician|record producer|composer|actor|screenwriter,pancreatic cancer
Q361418,male,Portugal,association football player,pancreatic cancer
Q358529,male,Italy|Kingdom of Italy,philosopher|university teacher|sociologist|journalist|political scientist|writer,laryngeal cancer
Q3575465,male,Lebanon,jazz musician|songwriter|musician|pianist|singer|composer|actor,liver cirrhosis
Q354047,male,United States|Colombia,drug trafficker,liver failure|kidney failure
Q359366,male,United States,head teacher|politician|teacher,multiple organ dysfunction syndrome
Q3518444,male,India,film actor|film director|stage actor|writer|screenwriter,multiple organ dysfunction syndrome
Q3519488,male,India|British Raj|Dominion of India,creator|cartoonist|illustrator|artist,multiple organ dysfunction syndrome
Q360927,male,India,film actor|television actor|stage actor|actor,neuroendocrine tumor
Q3347367,female,Indonesia,model|announcer|singer|actor,cervix uterine cancer
Q337295,male,Norway,auditor|civil servant|politician,prostate cancer
Q344152,male,United Kingdom,association football coach|association football player,prostate cancer
Q349785,male,United States,economist|politician|banker,prostate cancer
Q360661,male,Japan,artistic gymnast,stomach cancer
Q361235,male,United States,professional wrestler|catch trainer,stomach cancer
Q353978,male,United States,television actor|film actor|drill instructor|director|voice actor|television producer|comedian|actor|screenwriter,pneumonia
Q335384,male,Peru,Catholic theologian|philosopher|university teacher|theologian|Catholic priest,pneumonia
Q335855,male,United States,autobiographer|film actor|boxer|stage actor|writer,pneumonia
Q340196,male,United States,singer|entertainer|actor,pneumonia
Q333638,male,Spain,senior lecturer|chemist|politician,stroke
Q351156,male,United States,presenter|television actor|voice actor|comedian|actor,leukemia
Q355314,male,United States,manager|journalist|entrepreneur|engineer|businessperson|writer,kidney failure
Q346785,male,United States,rock musician|guitarist|record producer|composer,heart failure
Q345494,male,Japan,recording artist|music arranger|university teacher|film score composer|keyboardist|pianist|record producer|conductor|composer|actor,colorectal cancer
Q348205,male,Russia|Soviet Union,university teacher|philatelist|politician|aircraft pilot|astronaut,stomach cancer
Q3553614,male,Russia|Soviet Union,personal stylist|fashion designer|editor-in-chief|painter|television presenter|editing staff,kidney cancer
Q36107,male,United States,boxer,respiratory disease
Q346565,male,United States,guitarist|singer-songwriter|singer|composer,heart disease
Q339581,male,Russia|Soviet Union,memoirist|drama teacher|film director|public figure|writer|actor|screenwriter,falling from height
Q345571,male,Spain|Colombia,journalist|diplomat|politician|lawyer|writer,kidney infection
Q348445,male,United States,dub actor|film actor|television actor|stage actor|television director|actor,metastatic lung carcinoma
Q352730,male,United States,children's writer|film actor|television actor|director|stage actor|singer|actor,motorcycle accident
Q3349343,male,India|British Raj|Dominion of India,politician,COVID-19
Q3595818,male,India|British Raj,philosopher|peace activist|translator|ulema,COVID-19
Q334126,male,Chile,writer,COVID-19
Q336711,male,Serbia,Eastern Orthodox priest|university teacher,COVID-19
Q342045,male,Serbia|Socialist Federal Republic of Yugoslavia|Federal Republic of Yugoslavia,rock musician|television actor|film director|guitarist|lyricist|singer-songwriter|singer|poet|composer|writer|actor,COVID-19
Q351732,male,Japan|Empire of Japan,judoka|karateka|film producer|stunt coordinator|film director|lyricist|seiyū|stunt performer|singer|composer|actor,COVID-19
Q352030,male,Czech Republic|Czechoslovakia,theatre director|film director|writer|pedagogue|actor|screenwriter,COVID-19
Q337359,male,Brazil,jazz musician|music arranger|bandleader|musician|songwriter|pianist|singer|record producer|composer,long covid
Q356140,male,United States,recording artist|songwriter|pianist|singer-songwriter|musician|singer|record producer,cardiovascular disease
Q348896,male,Czech Republic|Czechoslovakia,politician|lawyer,amyotrophic lateral sclerosis
Q343075,male,United Kingdom,bassist|guitarist|singer-songwriter|singer|record producer,pancreatic cancer
Q352422,male,United States,stockbroker|politician|businessperson|writer,multiple myeloma
Q340016,male,United States,science fiction writer|essayist|short story writer|film actor|novelist|musician|playwright|poet|writer|actor|screenwriter,liver cancer
Q350107,male,France|Ivory Coast,association football player|association football coach,non-Hodgkin lymphoma
Q342600,male,Vietnam,communist|politician|minister,multiple organ dysfunction syndrome
Q349852,male,United States,film actor|television actor|film producer|voice actor|pornographic actor|actor|screenwriter,intracranial aneurysm
Q3350657,male,Serbia|Kosovo,economist|politician,gunshot wound|assassination
Q336412,male,Cambodia,politician|military personnel,lung disease
Q344655,male,United States|United Kingdom,film actor|television actor|voice actor|stage actor|comedian|singer|actor,head and neck cancer
Q337226,male,France,film actor|television actor|director|film producer|film director|writer|actor|screenwriter,pancreatitis
Q347958,male,United States,jurist|entrepreneur|lawyer|screenwriter,cerebral hemorrhage
Q349585,male,Serbia,association football player|association football coach,pancreatitis
Q337891,male,North Macedonia,stage actor|guitarist|singer|actor,drug overdose
Q361415,male,Poland,Research Cosmonaut|aircraft pilot|military officer|astronaut,surgical complications
Q34105,male,Egypt|Kingdom of Egypt|Republic of Egypt|United Arab Republic,aircraft pilot|military personnel|politician|vice president|president,surgical complications
Q333686,male,France,sociologist|university teacher,
Q333701,male,Ireland,diplomat|politician,
Q333722,female,United Kingdom,autobiographer|politician,
Q333968,male,United Kingdom of Great Britain and Ireland,university teacher|mathematician,
Q333975,male,Russia,university teacher|mathematician,
Q334134,male,Egypt|France,geopolitical analyst|academic|economist|politician|writer,
Q335027,male,United States|South Africa,artificial intelligence researcher|university teacher|educator|psychologist|mathematician|computer scientist,
Q335038,male,United Kingdom,land owner|diplomat|politician,
Q335071,male,United Kingdom,aristocrat|television presenter|historian|diplomat|politician|writer,
Q335078,male,United Kingdom,editor|journalist|politician,
Q335189,male,United Kingdom,prehistorian|anthropologist|archaeologist|university teacher|politician,
Q335260,male,United Kingdom,philanthropist|fashion photographer|designer|aristocrat|director|filmmaker|photographer,
Q335701,male,Venezuela,boxer,
Q335848,male,United Kingdom,university teacher|economist|politician|writer,
Q336011,male,United Kingdom,autobiographer|trade unionist|aircraft pilot|politician,
Q336024,male,France,television writer|film screenwriter|producer|music video director|film producer|director|film director|television director|television producer|writer|screenwriter,
Q336046,male,France,witness filmed|librettist|university teacher|author|politician|lawyer,
Q336265,male,Cape Verde,politician,
Q336388,male,United States,pianist|conductor,
Q336397,male,United States|United Kingdom,ecologist|university teacher|zoologist|physicist|politician|engineer,
Q336921,female,United Kingdom,philosopher|university teacher|politician|writer,
Q339293,male,Russia|Soviet Union,association football player|association football coach,
Q339344,male,United States,film actor|comedian|actor,
Q340251,male,Italy,Catholic theologian|theologian|Catholic bishop|Catholic priest|diplomat|archbishop,
Q342381,male,France,conductor,
Q342424,male,Bulgaria,association football player|association football coach,
Q344729,male,Greece,lawyer|president|judge,
Q344902,male,United Kingdom,association football coach|association football player,
Q345212,male,United States,film actor|film director|television actor|stage actor|photographer|actor,
Q345300,male,United States,anthropologist|university teacher,
Q345481,male,Kingdom of the Netherlands,submariner|naval officer|politician,
Q345612,male,United States,literary theorist|literary historian|literary critic|journalist|university teacher|writer,
Q345673,male,United States,woodworker|athletics competitor|sprinter|farmer,
Q346540,male,France|United Kingdom,film actor|theatre director|television actor|stage actor|painter|writer|actor,
Q346602,male,United States,American football player|athletics competitor|sprinter,
Q346976,male,Italy|Kingdom of Italy,film director|politician|screenwriter,
Q347362,male,United States,political analyst|essayist|literary theorist|philosopher|literary critic|sociologist|journalist|university teacher|editor|political scientist|politician|teacher|writer,
Q347635,male,France,dub actor|film actor|television actor|voice actor|stage actor|actor|screenwriter,
Q348037,male,Russia|Soviet Union,non-fiction writer|chess player|pianist|engineer|actor,
Q348050,male,United States,cinematographer,
Q348117,female,Turkey,prose writer|novelist|playwright|writer|journalist,
Q348652,male,Belgium|Georgia|Soviet Union,film score composer|composer,
Q349057,male,United Kingdom,audio engineer|record producer,
Q350478,male,Poland,association football player|association football coach,
Q350714,male,United States,actor,
Q350717,male,United Kingdom,producer|trade unionist|film actor|director|film producer|film director|television director|screenwriter,
Q351222,male,Poland,linguist|essayist|novelist|university teacher|writer|poet|translator|author,
Q351697,,,,
Q351822,male,United States,university teacher|mathematician,
Q351849,male,United States,film actor|television actor|stage actor|voice actor|actor,
Q352539,male,Italy,fashion designer|entrepreneur|businessperson,
Q353007,male,United States,bass guitarist,
Q353407,male,United States,university teacher|mathematician,
Q353411,male,Japan|United States,university teacher|mathematician,
Q353762,male,Spain,essayist|novelist|literary editor|journalist|poet|writer|screenwriter,
Q354301,male,United States,sprinter,
Q354335,male,United Kingdom,music educator|film score composer|composer,
Q354371,male,France,draftsperson|caricaturist|visual artist|comics artist|painter|cartoonist|illustrator|writer,
Q354705,male,Saint Vincent and the Grenadines,politician,
Q354755,male,Italy|Kingdom of Italy,anthropologist|novelist|journalist|university teacher|poet|writer,
Q355053,male,Australia,military officer|politician,
Q355241,male,Estonia|Soviet Union,politician,
Q355648,male,Serbia|Kosovo|Serbia and Montenegro|Kingdom of Yugoslavia|Socialist Federal Republic of Yugoslavia|Albanian Kingdom|Federal Republic of Yugoslavia|Democratic Federal Yugoslavia|Federal People's Republic of Yugoslavia|Italian protectorate of Albania,human rights defender|politician|writer,
Q360138,male,Laos,politician|military personnel,
Q360445,male,United States,electrical engineer|university teacher|inventor|physicist|scientist|engineer,
Q360563,male,People's Republic of China|Republic of China,politician,
Q360827,male,Kingdom of Denmark,editorial cartoonist|caricaturist|journalist|painter|cartoonist,
Q360832,male,Chile,academic|physicist|mathematician|poet|writer,
Q361032,male,Czech Republic|Czechoslovakia,exlibrist|draftsperson|scenographer|caricaturist|graphic artist|postage stamp designer|film director|painter|animator|illustrator|writer|screenwriter,
Q361443,male,United States,film producer|film director|television producer|actor|screenwriter,
Q3345399,male,India,singer|politician|composer|actor,
Q3351697,male,India,dancer|film producer|television actor|playback singer|television presenter|stunt performer|record producer|actor,
Q3361617,female,United Kingdom,autobiographer|film actor|stage actor|actor,
Q3365419,female,Sweden,artistic gymnast,
Q3376801,,,,
Q3395844,trans woman,United Kingdom,essayist|journalist|historian|writer,
Q3427179,female,France,film actor|dub actor|stage actor,
Q3470006,female,Palestine,anthologist|literary critic|historian|translator|poet,
Q3484613,female,France,pediatric nurse|French resistance fighter,
Q3503911,male,Czech Republic|Czechoslovakia,Olympic competitor|rower|athlete,
Q3507721,male,Croatia|Yugoslavia|Socialist Federal Republic of Yugoslavia,rower,
Q3521068,female,India|British Raj|Dominion of India,actor,
Q3546382,male,United States,concept artist|designer|background artist|lithographer|ceramicist|painter,
Q3595303,female,India,actor,
Q3595473,female,Somalia,humanitarian|gynecologist|human rights defender|jurist|physician|lawyer,
Q3595893,male,India,recording artist|film director|lyricist|singer|composer|actor|screenwriter,
Q3603,male,United States,film actor|voice actor|radio personality|stage actor|disc jockey,
Q34935,male,Pakistan|British Raj,politician|lawyer|judge,
Q35358,male,United States|Australia,television actor|karateka|kickboxer|film actor|model|film producer|stunt performer|actor,
Q355669,male,United Kingdom,rock drummer|film actor|percussionist|musician,
Q355850,male,Azerbaijan|Soviet Union,politician,
Q356068,male,United States,boxer|film producer|aircraft pilot|financier|entrepreneur|businessperson,
Q356369,male,Ireland|United Kingdom,rock singer|film actor|designer|lyricist|singer-songwriter|musician|singer,
Q356804,male,United States,university teacher|composer,
Q357014,male,United States,recording artist|film score composer|songwriter|bandleader|musician|conductor|record producer|composer,
Q357316,male,Serbia|Serbia and Montenegro|Kingdom of Yugoslavia|Socialist Federal Republic of Yugoslavia,film director|university teacher|screenwriter,
Q357458,male,United States,basketball coach|basketball player|actor,
Q357779,male,France|Ivory Coast,diplomat|minister|politician,
Q357923,male,United States,sociolinguist|dialectologist|linguist|university teacher|sociologist,
Q357970,male,United Kingdom|South Africa|Zambia,novelist|business executive|writer|screenwriter,
Q358089,male,France,film actor|television actor|actor,
Q358274,male,United States,astronomer,
Q359387,male,United Kingdom,association football player|association football coach,
Q359552,male,Canada,guitarist|singer-songwriter|singer|poet|composer|actor,
Q379690,male,Italy,sport cyclist,traffic collision
Q390888,male,Bulgaria|Serbia|Socialist Federal Republic of Yugoslavia,recording artist|singer,traffic collision
Q370786,male,Croatia|Socialist Federal Republic of Yugoslavia,association football player,traffic collision
Q379725,male,Republic of the Congo,university teacher|researcher|politician,Alzheimer's disease
Q381178,male,United States|Rosebud Indian Reservation,game show host|presenter|animal rights advocate|television actor|television producer|actor,Alzheimer's disease
Q372820,male,United States,songwriter|singer,Parkinson's disease
Q370636,male,Kingdom of the Netherlands,association football player|association football coach,Alzheimer's disease
Q388134,male,United States,basketball player|basketball coach,Parkinson's disease|Lewy body dementia
Q362349,male,France,essayist|thinker|philosopher|political scientist|writer,cancer
Q363246,male,United States,basketball player,cancer
Q363271,male,United Kingdom,video game actor|film actor|television actor|stage actor|voice actor|actor,cancer
Q364421,male,United States,documentarian|film director|journalist|television producer|writer|screenwriter,cancer
Q396606,male,Lebanon,lawyer|politician,cancer
Q3629480,male,India,strategist|lawyer|politician|spokesperson,cancer
Q3631768,female,India,film director|author|screenwriter,cancer
Q374910,male,United States|Saint Kitts and Nevis,politician|physician,pneumonia
Q376452,male,Chile,philosopher|university teacher|biologist|writer,pneumonia
Q365131,male,Spain,university teacher|Catholic priest,disease
Q365922,male,Egypt|Kingdom of Egypt|Republic of Egypt|United Arab Republic,economist|politician,disease
Q379628,male,United States|United Kingdom|United Kingdom of Great Britain and Ireland,science fiction writer|editor|historian|poet|writer,pneumonia
Q380695,male,Japan,association football player|association football coach|politician,pneumonia
Q381726,male,Finland,violinist|violist|pianist|musician|conductor|composer,pneumonia
Q383764,male,United States,film editor|film producer|director|film director|cinematographer|actor|photographer|screenwriter,pneumonia
Q394376,male,Sweden,association football player|association football coach,pneumonia
Q3631806,female,India|Dominion of India,essayist|writer,pneumonia
Q379756,male,Spain,association football player,myocardial infarction
Q381185,male,Poland,non-fiction writer|journalist|university teacher|diplomat|historian|professor|politician|writer,myocardial infarction
Q381297,male,Turkey,diplomat|politician|lawyer,myocardial infarction
Q381944,male,Russia,presenter|film producer|film director|television presenter|pedagogue|playwright|poet|teacher|writer|actor|screenwriter,myocardial infarction
Q383419,male,Mozambique,politician,myocardial infarction
Q400837,male,Iraq,mathematician|businessperson|politician,myocardial infarction
Q3634230,male,India,songwriter|singer,myocardial infarction
Q365334,male,Spain|Uruguay,politician|military personnel,myocardial infarction
Q365844,male,United States,film actor|film producer|talent agent|executive producer|television producer|actor,myocardial infarction
Q366783,male,Bosnia and Herzegovina|Yugoslavia,sports official|association football player|association football coach,myocardial infarction
Q368226,male,Croatia|Socialist Federal Republic of Yugoslavia,politician|mayor,myocardial infarction
Q377450,female,United Kingdom,film actor|stage actor,myocardial infarction
Q362948,male,Seychelles,diplomat|politician,stroke
Q363005,male,United States,film screenwriter|director|film producer|film director|television producer|actor|screenwriter,stroke|arterial hypertension|cerebral hemorrhage
Q372092,male,Brazil,association football player,stroke
Q373895,female,United States,television personality|game show host|film actor|model|voice actor|stage actor|television presenter|comedian|television producer|author|singer|actor,stroke
Q361703,male,United States,professional wrestler,stomach cancer
Q381018,male,El Salvador,politician|lawyer,lung cancer
Q382278,male,Sweden,film actor|film producer|stage actor|writer|actor,lung cancer
Q385488,male,Poland,recording artist|trumpeter|film score composer|composer,lung cancer
Q3876879,female,United States,writer|university teacher|civil rights advocate|poet|teacher,lung cancer
Q362095,male,Italy,sport cyclist,injury
Q363717,male,New Zealand,rugby union player,cardiac arrest|nephrotic syndrome|kidney failure
Q368111,male,Belgium,association football player,cardiac arrest
Q362848,male,Ivory Coast,association football player,drowning
Q3699363,male,Honduras,association football player,leukemia
Q38670,male,United States,film critic|journalist|screenwriter,stroke
Q380280,male,Georgia|Soviet Union,film actor|film director|comedian|filmmaker|singer|politician|actor|screenwriter,brain tumor
Q365206,male,Trinidad and Tobago,geologist|politician,leukemia
Q379171,male,India,film actor|film producer|film director,liver cirrhosis
Q379827,male,Thailand,politician|military personnel,heart failure
Q380252,male,Russia|Soviet Union,opinion journalist|film director|lecturer|filmmaker|actor|screenwriter,heart failure
Q377861,male,India,environmentalist|academic|economist|civil servant,heart disease
Q369638,male,United States|New Zealand,university teacher|mathematician,infection
Q369662,male,United States|Soviet Union,mathematician,aortic aneurysm
Q372500,male,Serbia|Serbia and Montenegro|Yugoslavia,basketball coach|basketball player,pulmonary edema
Q367017,male,United Kingdom,film actor|television actor|film producer|film director|actor|screenwriter,COVID-19
Q370560,male,United States,guitarist|lyricist|singer-songwriter|musician|singer|composer|actor,COVID-19
Q372086,male,Argentina,association football player|association football coach,COVID-19
Q375290,male,France,producer|film actor|director|film director|writer|actor|screenwriter,COVID-19
Q365090,male,United States,boxing manager|television actor|television director|character designer|television producer|writer|actor|screenwriter,colorectal cancer
Q366747,male,United Kingdom,string player|guitarist|lyricist|songwriter|musician|singer|composer,colorectal cancer
Q361581,male,Tanzania,minister|politician|lawyer,lung cancer
Q366692,male,Turkey,diplomat|politician,lung cancer
Q368492,male,Kingdom of the Netherlands,association football player,lung cancer
Q372804,male,Canada,ice hockey player,lung cancer
Q363148,male,United Kingdom,association football player|association football coach,prostate cancer
Q366788,male,Croatia|Socialist Federal Republic of Yugoslavia|Independent State of Croatia|Kingdom of Yugoslavia,association football player|association football coach|politician,prostate cancer
Q3621587,female,United States,model|pornographic actor,drug overdose
Q36226,female,United States,film actor|fetish model|model|pornographic actor,drug overdose
Q380916,male,Burundi,politician|military personnel,COVID-19
Q387953,male,Sudan,politician,COVID-19
Q3758985,male,United States,songwriter|actor|television actor|film producer|singer,nerve sheath neoplasms
Q3810475,male,Spain,association football player,COVID-19
Q3920003,male,Russia|Soviet Union|Second Polish Republic,screenwriter|actor|television presenter|theatre director|drama teacher,COVID-19
Q380347,male,Italy,designer|photographer,amyloidosis
Q3736333,female,Spain,writer,bladder cancer
Q363236,male,United States,songwriter|lyricist|singer,drug overdose
Q367155,male,United States,film actor|television actor|film director|actor,brain cancer|brain tumor
Q371600,male,United States,non-fiction writer|university teacher|theologian|priest|writer,pancreatic cancer
Q377789,male,India|British Raj,film actor|film producer|film director|politician,prostate cancer
Q379613,male,United States,recording artist|jazz pianist|television actor,prostate cancer
Q380111,male,Czech Republic,association football player,hanging to death
Q384038,male,United States,theologian|Catholic bishop|Catholic priest,prostate cancer
Q381002,male,El Salvador,politician,cerebral hemorrhage
Q38849,male,Japan|Empire of Japan,explorer|film actor|novelist|critic|journalist|film director|lyricist|playwright|politician|writer|actor|screenwriter,pancreatic cancer
Q379550,male,Vanuatu,diplomat|politician,asthma
Q38711433,female,India,activist|journalist|editor,gunshot wound
Q380531,male,United States,drummer|songwriter|musician|record producer,dilated cardiomyopathy
Q388991,male,Turkey,film editor|film director|actor|screenwriter,falling
Q363079,male,United States,politician|businessperson|military personnel|lawyer,chronic inflammatory demyelinating polyradiculoneuropathy
Q369270,male,Italy|Kingdom of Italy,professional wrestler,multiple organ dysfunction syndrome
Q375268,male,United States,installation artist|printmaker|designer|visual artist|jewelry designer|graphic artist|painter|sculptor|engraver|photographer,lymphoma
Q382150,male,Ukraine|Soviet Union,adviser|biologist|test pilot|politician|engineer|military personnel|astronaut,cardiovascular disease
Q363846,male,Russia|Soviet Union,statesperson|physicist|politician,gunshot wound
Q382104,male,Albania,journalist|playwright|politician|poet|writer|screenwriter,lung disease
Q365913,male,Republic of Egypt|United Arab Republic|Egypt|Kingdom of Egypt,entrepreneur|businessperson,
Q366022,male,United Kingdom,association football player,
Q366150,male,United States,novelist|writer,
Q366266,male,United States,science fiction writer|novelist|archaeologist|writer|screenwriter,
Q366524,male,Russia,non-fiction writer|memoirist|chief executive officer|statesperson|engineer|politician,
Q366575,male,United States,autobiographer|novelist|philosopher|writer,
Q366910,male,United Kingdom|United Kingdom of Great Britain and Ireland,film actor|television actor|stage actor|singer|composer|writer|actor,
Q367566,male,United States,baseball player,
Q367816,male,Sweden,handball player|association football player,
Q367901,male,Italy|Kingdom of Italy,entrepreneur,
Q368091,male,United States,politician|lawyer,
Q368720,male,United States,military officer|judge|lawyer,
Q369593,male,United States,basketball player,
Q369600,male,France,chess player|university teacher|mathematician,
Q369724,male,United States,theoretical physicist|satirist|university teacher|lyricist|singer-songwriter|songwriter|musician|pianist|singer|mathematician|composer,
Q371637,male,United Kingdom,military personnel,
Q371680,male,Benin|Nigeria,association football player,
Q372210,male,Sweden,philosopher|university teacher|playwright|translator|poet|writer,
Q372215,male,United States,aircraft pilot|fighter pilot|astronaut|merchant|military officer|entrepreneur|businessperson|physicist|scientist,
Q372497,male,United States,American football player|athletics competitor|television actor|film actor|painter|actor,
Q372947,male,United Kingdom,film actor|stage actor|actor,
Q373088,male,Spain,businessperson,
Q373385,male,United States,programmer|security hacker|journalist|hacker|computer scientist,
Q373936,male,United States,theologian|Catholic bishop|Catholic priest,
Q374034,male,United States,air force officer|military flight engineer|test pilot|engineer|astronaut,
Q361567,male,Nigeria,military officer|politician|military personnel|teacher,
Q362669,male,United States,politician|lawyer,
Q363518,male,United Kingdom,film actor|television actor|theatre director|film director|stage actor|actor|screenwriter,
Q363653,male,United Kingdom|France,director|film director|screenwriter,
Q363766,male,Sweden,bandy player|ice hockey player|association football player|association football coach,
Q363908,male,United States,classical pianist|jazz pianist|poet|composer|writer,
Q364083,male,France,film actor|French resistance fighter|production manager|television actor|stage actor|voice actor|actor,
Q364097,male,France|Czechoslovakia,association football player,
Q364189,male,United States,science fiction writer|novelist|author|poet|writer,
Q364207,male,France|South Africa,anti-apartheid activist|essayist|lithographer|political activist|visual artist|painter|poet|writer,
Q364238,male,United States,university teacher|physicist|teacher|writer,
Q364456,male,France,historian of science|philosopher,
Q364476,male,United States,enlisted person|aircraft pilot|test pilot|executive|military officer|astronaut,
Q364990,male,United States,presenter|televangelist|Christian minister|military officer|entrepreneur|politician|writer,
Q365414,male,United States,swimmer|inventor|businessperson,
Q365451,male,United States|Antigua and Barbuda,athletics competitor|politician,
Q365567,male,United States|Belgium,harmonicist|jazz guitarist|voice actor|whistle artist|film score composer|musician|composer,
Q3724649,female,Italy|Kingdom of Italy,centenarian|tailor|cook,
Q3736809,male,Norway,sailor|businessperson,
Q3770611,male,Italy,rower,
Q3775277,male,Romania,handball coach|handball player,
Q3821012,male,Spain,association football player|association football coach,
Q3847343,female,Brazil|Second Polish Republic,Ukrainian–German translator|literary scholar|writer|translator|university teacher,
Q3898726,male,Spain,association football player|sports agent,
Q3773,female,Russia,athletics competitor,
Q39803,male,Spain|Peru|Dominican Republic,prose writer|broadcaster|opinion journalist|essayist|novelist|literary critic|philosopher|journalist|university teacher|film director|dramaturge|playwright|politician|writer,
Q381157,male,United States,anti-abortion activist|hymnwriter|cleric|politician|lawyer,
Q381661,male,Ireland|Irish Free State|Irish Republic,civil servant|diplomat|politician,
Q381810,male,Cook Islands,politician,
Q381817,male,France|Cambodia,politician,
Q381827,male,France,civil engineer|painter|engineer|architect|writer,
Q382604,male,France|United Kingdom,novelist|critic|opinion journalist|art critic|journalist|art historian|painter|poet|writer|screenwriter,
Q384687,male,Hungary,electrotechnician|university teacher|inventor|mathematician,
Q384784,male,Kingdom of the Netherlands,filmmaker|cinematographer|photographer,
Q385212,female,Hungary,fencer|coach,
Q388959,male,Italy,association football player|association football coach,
Q389851,male,Hungary,librettist|university teacher|pianist|conductor|composer,
Q389861,male,Hungary,association football player|association football coach,
Q390228,female,Albania,film actor|stage actor,
Q393715,male,Yugoslavia|Socialist Federal Republic of Yugoslavia,association football player|association football coach,
Q393752,male,Yugoslavia|Socialist Federal Republic of Yugoslavia,association football player|association football coach,
Q399018,female,Portugal,novelist|biographer|playwright|writer|screenwriter,
Q399969,male,Soviet Union|Kingdom of Romania|Israel,prose writer|physical education teacher|university teacher|writer,
Q3632740,female,India|Dominion of India|British Raj,art historian|author|politician,
Q3655407,male,Russia,militant|public figure,
Q3694565,male,India|British Raj,religious leader,
Q374315,male,United States,gemologist|real-estate agent|military officer,
Q374610,male,United States,journalist|biographer|historian|writer,
Q374855,female,Italy,film actor|stage actor|actor,
Q375522,male,Italy,Catholic bishop|Catholic priest,
Q375687,male,Turkey,naval officer|politician|military personnel,
Q376130,male,United States,film screenwriter|director|film producer|film director|television producer|writer|screenwriter,
Q376182,male,United States,television actor|film actor|film producer|film director|actor|screenwriter,
Q376243,male,United States|United Kingdom,chemist|university teacher,
Q377137,male,Nigeria,missionary|Christian minister,
Q377765,male,Burundi,politician|military personnel,
Q377977,male,Norway,diplomat|jurist|politician,
Q378747,male,Italy,opinion journalist|politician|poet|writer,
Q378833,male,Jordan|Palestine,politician,
Q379225,male,Cambodia,revolutionary|politician,
Q379489,male,Vietnam,politician,
Q380137,male,Grenada,politician,
Q380187,male,Somalia|Somaliland,minister|politician,
Q380272,male,Canada|Czechoslovakia,film producer|film director,
Q380449,male,India|British Raj,urban planner|architect|teacher,
Q380474,male,Afghanistan|Republic of Afghanistan|Islamic State of Afghanistan|Islamic Emirate of Afghanistan|Democratic Republic of Afghanistan|Kingdom of Afghanistan,university teacher|politician,
Q380515,male,United States,basketball coach|basketball player,
Q380662,male,Spain,humorist|comedian|singer|actor,
Q380664,male,South Africa,literary scholar|linguist|man of letters|university teacher|translator|writer,
Q380668,male,Nigeria,minister|politician,
Q380711,male,Mali,musician,
Q380734,male,Suriname,politician,
Q380980,male,Argentina,military officer|politician,
Q381054,male,United States,spy|government agent|mole,
Q437616,male,United States,video artist|installation artist|visual artist|multimedia artist|film director|musician|artist|television producer|cinematographer|composer|screenwriter,Alzheimer's disease
Q432929,male,Hungary|United States,professor|entrepreneur|engineer|writer|scientist,Parkinson's disease
Q442250,female,United States,film actor|television actor|stage actor|voice actor,Alzheimer's disease
Q43744,male,Germany,association football coach|association football player,Alzheimer's disease
Q438349,female,France,film actor|stage actor,cancer
Q438868,male,Portugal,university teacher|diplomat|politician|writer,cancer
Q443007,male,Australia,rock singer|autobiographer|guitarist|songwriter|singer|poet|composer|writer,cancer
Q4124,male,Poland,association football coach|association football player,cancer
Q4223,male,United States|Australia,video game actor|television actor|film actor|model|film producer|voice actor|actor,cancer
Q429391,male,United States,television actor|film actor|stage actor|actor,cancer
Q433156,male,Finland,rally driver|engineer,cancer
Q434641,male,France,association football player|association football coach,cancer
Q435696,female,United States,executive producer|screenwriter,cancer
Q435744,male,Germany,university teacher|songwriter|musician|record producer|singer|composer,cancer
Q436789,female,United States|United Kingdom,actor,cancer
Q436996,female,France,film actor|stage actor|poet|writer|actor|photographer,cancer
Q438248,female,United States|France|Venezuela,assemblage artist|draftsperson|designer|sculptor|painter,pneumonia
Q4124226,female,Russia,theatre director|director|film director|drama teacher|pedagogue|politician|actor,pneumonia
Q4382450,female,United States,film actor|actor,pneumonia
Q41342,female,United States,manufacturer|television actor|film actor|film producer|stage actor|voice actor|television producer|singer|actor,pneumonia
Q422969,male,Nepal,politician,pneumonia
Q4245310,male,Ukraine|Soviet Union,film screenwriter|rock singer|radio personality|television presenter|lyricist|record producer|singer|poet|physician|composer|writer|dentist|actor,traffic collision
Q4165830,female,Egypt,singer|actor,stroke
Q42122,male,Sweden,linguist|translator|psychologist|poet|writer,stroke
Q442854,female,United States,autobiographer|journalist|lawyer|writer,breast cancer
Q438092,male,United States,recording artist|mandolinist|jazz musician|jazz guitarist|guitarist|composer,myocardial infarction
Q443684,male,France|Cameroon,association football player,myocardial infarction
Q40579,male,Libya,engineer|inventor|politician,myocardial infarction
Q44176,male,United States,professional wrestler,myocardial infarction
Q430209,male,United States,army officer|writer,stroke
Q432638,male,United States|Italy|Cuba,film actor|television actor|voice actor|stage actor|screenwriter,stroke
Q433471,male,United States,designer|video artist|installation artist|visual artist|performance artist|landscape architect|television producer|illustrator|poet|architect|photographer,stroke|cerebrovascular disease
Q435805,female,Ukraine|Kingdom of Romania|Soviet Union,film screenwriter|film actor|film director|actor|screenwriter,stroke
Q431116,male,France|United Kingdom,association football player|association football coach,myocardial infarction
Q433060,male,United States,guitarist|painter|comics artist|songwriter|singer-songwriter|pianist|singer,myocardial infarction
Q433616,female,United States,film actor|television actor|model|Playboy Playmate|actor,myocardial infarction
Q435060,male,United States,poker player|music journalist|music publicist|tonmeister|musician|guitarist|record producer|singer|audio engineer,myocardial infarction
Q4144488,female,India,film actor|model|actor,heart failure
Q4163612,female,Russia|Soviet Union,dub actor|film actor|stage actor,heart failure|stomach cancer
Q41152,male,United States|Japan,professional wrestler|kickboxer|mixed martial arts fighter|blogger|rikishi|athlete,heart failure
Q43264,male,Portugal,film editor|racing automobile driver|film director|film producer|cinematographer|actor|screenwriter,heart failure
Q40299,male,United States,television actor|film actor|film producer|actor,cardiac arrest
Q442129,female,United States,ichthyologist|marine biologist|zoologist,ovarian cancer
Q43033,male,South Africa,anti-apartheid activist|Protestant theologian|non-fiction writer|political activist|Anglican priest|human rights defender|archbishop,prostate cancer
Q432924,male,United States,brass player|music educator|jazz musician|trumpeter|bandleader|songwriter|singer|composer,diabetes
Q437700,male,Sweden,film screenwriter|writer,stomach cancer
Q4139264,female,Russia,film actor|film producer|film director|stage actor|screenwriter|actor,stomach cancer
Q442696,male,United States,motivational speaker|correspondent,pancreatic cancer
Q431443,male,Japan|Empire of Japan,film director|animator|mangaka|screenwriter,heart failure
Q434555,male,Russia|Soviet Union,television presenter|flight engineer|engineer|astronaut|writer,heart failure
Q441705,female,United States,film actor|television actor|stage actor|actor,dementia
Q426582,male,United States,traveler|essayist|novelist|chef|journalist|television presenter|television producer|cook|writer,hanging to death
Q430602,female,Japan,tarento|seiyū|lyricist|television producer|singer-songwriter|singer|actor,shock|suicide by jumping from height
Q4166607,male,Russia,manufacturer|philologist|radio personality|film producer|sociologist|journalist|pundit|editing staff|television presenter|editor-in-chief|television producer|translator|jurist,aortic dissection|aortic rupture
Q426613,male,Cuba,Catholic bishop|Catholic priest,pancreatic cancer
Q431085,male,United States,intelligence analyst|peace activist|political activist|opinion journalist|career soldier|military officer|economist|writer|whistleblower,pancreatic cancer
Q434423,female,Italy,film actor|director|film producer|film director|actor|screenwriter,pancreatic cancer
Q434669,female,United States,political activist|anti-abortion activist|radio personality|journalist|jurist|politician|lawyer|writer,pancreatic cancer
Q442347,male,Montenegro|Serbia and Montenegro|Socialist Federal Republic of Yugoslavia,association football player|association football coach,brain cancer
Q4133766,male,Soviet Union|Russia,television actor|film actor|puppeteer|drama teacher|actor,breakthrough infection
Q438848,male,Israel,spy|military officer,liver cancer
Q4357833,female,United States|India|British Raj|Dominion of India,short story writer|novelist|writer,takotsubo cardiomyopathy
Q436139,male,United States,athletics competitor|sprinter,stomach cancer
Q438382,male,United States,skateboarder|YouTuber|rally driver|stunt performer|motocross|businessperson,snowmobile collision
Q4203,male,Austria,boxer|racing automobile driver|skydiver|stunt performer|military personnel,paragliding crash
Q433210,female,Spain,journalist|civil servant|economist|politician,liver cirrhosis
Q432302,male,United States,recording artist|guitarist|pianist|composer,thyroid cancer|skin tumor or hamartoma
Q437189,female,Italy|Kingdom of Italy,television personality|beauty pageant contestant|film actor|film director|screenwriter,acute kidney injury
Q420041,female,United States,film screenwriter|television actor|film actor|film editor|film producer|film director|screenwriter|actor,hematopoietic system disease
Q40495,male,Pakistan|British Raj,financier|military personnel|politician,amyloidosis
Q418823,male,Japan|Empire of Japan,ecologist|botanist|university teacher,cerebral hemorrhage
Q435462,male,France,sport cyclist|hairdresser,pulmonary edema
Q432431,male,United States,business executive|accountant|businessperson|politician,bicycle accident
Q435789,male,United States,songwriter|pianist|record producer|singer|composer,brain cancer
Q401433,male,Iraq,association football coach|association football player|politician,COVID-19
Q430746,male,United Kingdom,association football coach|association football player,COVID-19
Q435324,female,Kingdom of the Netherlands,aristocrat|singer,bone cancer
Q436664,male,United States,novelist|journalist|university teacher|editor|writer|screenwriter,COVID-19
Q429024,female,United States,television actor|film actor|model|voice actor|film producer|stage actor|musical theatre actor,gunshot wound
Q4081194,male,United States,LGBTQ rights activist|designer,coronary artery disease
Q4188894,male,Iran|Pahlavi Iran,military personnel,airstrike
Q431146,female,France,film actor|stage actor|model|actor,lung disease
Q434367,male,United Kingdom,multi-instrumentalist|songwriter|singer-songwriter|guitarist|singer|composer,lung disease
Q4155050,female,Australia,jazz musician|singer-songwriter|pianist|singer,lung disease
Q4310486,female,Turkey,politician|physician,lung disease
Q433661,male,United States,luthier|guitarist|composer,laryngeal cancer
Q4219653,male,Ukraine|Soviet Union,civil servant|politician,COVID-19
Q4232862,male,Russia|Soviet Union,drama teacher|university teacher|actor,COVID-19
Q4365356,male,Russia|Soviet Union,television actor|film actor|drama teacher|stage actor|university teacher|actor,COVID-19
Q434129,female,United States,film actor|model|singer|television actor,
Q434392,male,Kingdom of Denmark,musicologist|film score composer|docent|composer,
Q434478,female,United States,art theorist|art historian|university teacher|historian|author,
Q434521,female,United States,women's rights activist|journalist|writer,
Q434577,female,United States,tennis player,
Q434694,male,United Kingdom|United Kingdom of Great Britain and Ireland,television actor|film actor|stage actor|actor,
Q434786,male,Italy,diplomat|politician,
Q434808,male,Russia|Soviet Union,non-fiction writer|chess theoretician|chess player|chess composer|editor,
Q434818,male,United States,philosopher|university teacher|historian|writer,
Q435176,female,Brazil,jazz musician|Samba-enredo interpreter|musician|singer,
Q435279,female,Italy,alpine skier,
Q435427,male,Federated States of Micronesia,politician,
Q435455,female,United States,television actor|dancer|film actor|stage actor|actor,
Q435542,male,Germany|German Democratic Republic,association football player|association football coach,
Q435761,male,Belarus|Soviet Union,amateur wrestler|athlete|coach,
Q436005,female,Switzerland,alpine skier,
Q436503,male,United States,voice actor|illustrator|comedian|singer|writer|actor,
Q436719,male,United States|United Kingdom|United Kingdom of Great Britain and Ireland,television actor|film actor|television producer|actor,
Q436722,female,United States,television actor|film actor|model|child actor|actor,
Q436759,male,United Kingdom,recording artist|autobiographer|whistle artist|guitarist|musician|singer-songwriter|singer|composer|writer,
Q437026,female,United States,athletics competitor|sprinter,
Q437034,female,United States|Argentina,autobiographer|television actor|film actor|actor,
Q441161,male,Jamaica,singer|composer|record producer,
Q441178,male,United States,magician|philosopher|chess composer|university teacher|pianist|mathematician|computer scientist,
Q441203,male,Jamaica,reggae singer|recording artist|percussionist|singer-songwriter|singer|composer,
Q441241,male,United States,drug trafficker,
Q442010,male,France|Israel,violinist,
Q442026,female,United States,opera singer,
Q442031,female,Sweden,linguist|literary critic|journalist|translator|writer,
Q442046,female,Italy,fencer,
Q442103,female,Sweden,short story writer|novelist|children's writer|journalist|lyricist|writer|poet|teacher,
Q442192,female,Germany,video artist|installation artist|visual artist|performance artist|film director|choreographer|sculptor|painter|artist|screenwriter|teacher,
Q442233,male,United States,naval aviator|aircraft pilot|fighter pilot|military officer|engineer|astronaut,
Q442447,female,Kingdom of the Netherlands,pen drawer|pastellist|watercolorist|draftsperson|drawing teacher|children's writer|painter|illustrator|comics artist|teacher|writer,
Q442848,female,United Kingdom,esperantologist|Esperantist|biographer|playwright|poet|writer,
Q443294,female,Germany|German Democratic Republic,athletics competitor,
Q443387,female,Germany,film actor|stage actor|singer,
Q443428,male,Brazil,entomologist|geneticist|university teacher|beekeeper|biologist,
Q443436,female,Poland,recording artist|singer-songwriter|singer|actor,
Q443495,male,United Kingdom,sports journalist|presenter|pundit|journalist,
Q443496,female,United Kingdom,athletics competitor,
Q443982,female,United States,film actor|television actor|stage actor|actor,
Q444279,male,Slovakia|Czechoslovakia,association football player|association football coach,
Q4017776,male,Kuwait,association football player,
Q4083859,female,Argentina,film actor,
Q4097472,male,Ukraine|Soviet Union,engineer,
Q4098361,male,Ukraine|Soviet Union,presenter|essayist|opinion journalist|journalist|television presenter|editor-in-chief|politician|writer,
Q4104731,female,Russia|Soviet Union,memoirist|film actor|stage actor|actor,
Q4106859,male,Russia,nuclear physicist|physicist|politician|scientist,
Q4142441,female,Russia|Soviet Union,television presenter|singer|actor,
Q4172926,male,Russia|Belarus|Soviet Union,singer,
Q4200571,male,Malaysia,sovereign|politician,
Q4337567,male,United States,sociologist|university teacher|theologian|pastor,
Q4356744,male,United Kingdom,television actor|film actor|stage actor|actor,
Q4423479,male,Russia|Soviet Union,theatre director|director|drama teacher|singer|actor,
Q42673059,male,United Kingdom|Montenegro,association football player,
Q4212,male,United States,television actor|film actor|stage actor|voice actor|comedian|actor,
Q4232,male,France,association football coach|association football player,
Q40315,male,United Kingdom,university teacher|orientalist|arabist|historian,
Q41034,female,United States,television actor|film actor|celebrity|actor,
Q41074,male,India|British Raj,musician,
Q41322,male,Crown Colony of Malta,philosopher|university teacher|psychologist|physician,
Q41914,male,India|British Raj,university teacher|banker|civil servant|economist|politician,
Q428347,male,Iceland,technician|film director|film score composer|music arranger|musician|pianist|record producer|composer,drug overdose
Q401238,male,Morocco,association football player,
Q401350,male,South Africa,anti-apartheid activist|activist|politician,
Q401360,male,Morocco,diplomat|politician,
Q401574,male,Saudi Arabia,politician,
Q402586,male,United States,aircraft pilot,
Q403486,female,Morocco,Class A official|activist|social worker|science writer|nurse|secretary,
Q418693,male,Japan|Empire of Japan,agricultural chemist|microbiologist|biochemist|university teacher,
Q419419,male,Japan|Empire of Japan,ski jumper,
Q425752,male,United States,athletics competitor,
Q428757,male,United Kingdom,association football coach|association football player,
Q430016,female,France,film actor|actor,
Q430932,male,United States,guitarist|audio engineer,
Q430980,male,Ukraine,film screenwriter|literary historian|short story writer|prose writer|archivist|translator|historian|writer,
Q430996,male,Syria|United Arab Republic|First Syrian Republic,aircraft pilot|military personnel|astronaut,
Q431060,male,United Kingdom,guitarist|singer|composer,
Q431848,female,France|Tunisia,film editor,
Q432246,male,France,film actor|film screenwriter|film director|director|writer|screenwriter,
Q432811,female,Estonia,translator|poet|writer,
Q432833,female,United States,film actor|television actor|voice actor|model|child actor|actor,
Q432977,male,Ukraine|Soviet Union,athletics competitor,
Q433040,male,Kingdom of the Netherlands,association football player|association football coach,
Q433352,female,Canada|United States,pharmacologist|university teacher|physician,
Q433515,female,Italy|Kingdom of Italy,film actor,
Q433592,male,Finland,musicologist|university teacher|composer,
Q433608,male,United States,aircraft pilot|military officer|engineer|astronaut,
Q433708,male,United Kingdom,novelist|school teacher|author|writer|screenwriter,
Q433846,male,United States,Catholic bishop|Catholic priest|archbishop,
Q434118,male,Australia,Catholic deacon|Latin Catholic bishop|Catholic bishop|Catholic priest,
Q437211,female,Switzerland|Russia|Soviet Union,figure skater,
Q437262,male,Russia,music educator|pianist|conductor|composer,
Q437406,female,Italy|Belgium|France,film actor|stage actor|television presenter|singer|actor,
Q437551,male,United States,recording artist|keyboardist|songwriter|lyricist|guitarist|musician|singer,
Q437561,female,Hungary,athletics competitor,
Q437707,female,Germany|German Democratic Republic,luger,
Q438424,male,Italy,car designer|designer|engineer,
Q438537,female,United States,film actor|television actor|actor,
Q438542,male,United Kingdom,musician|multi-instrumentalist|guitarist|keyboardist|lyricist|singer-songwriter|pianist|singer|composer,
Q438715,male,Moldova,economist|politician,
Q438891,female,United States,autobiographer|translator|writer|poet,
Q439074,male,Italy,anarchist|philosopher|writer,
Q439105,female,United States,film actor|television actor|stage actor,
Q439841,male,United States,film actor|television actor|stage actor,
Q440139,female,France,comics artist,
Q440178,male,Russia,aircraft pilot|military personnel|astronaut,
Q440237,male,Canada|Slovakia|Czechoslovakia,ice hockey player|athlete,
Q440316,female,United States|France|Lebanon,draftsperson|essayist|designer|painter|writer|poet|teacher,
Q440357,male,United States,basketball coach|basketball player,
Q457171,male,Ireland,children's writer|journalist|poet|writer,Parkinson's disease
Q453876,female,Hungary,film actor|stage actor|actor,disease
Q454394,female,United States,film actor|television actor|film producer|stage actor,disease
Q456202,female,United States,film actor|television actor|actor|writer,disease
Q4538191,female,Poland,music teacher|dancer|film actor|resistance fighter|actor,Alzheimer's disease
Q454584,male,Czech Republic|Czechoslovakia,Esperantist|archivist|Catholic bishop|Catholic priest|historian|writer,cancer
Q454836,female,United States,climate activist|novelist|poet|writer,cancer
Q455818,male,United States,recording artist|rock guitarist|jazz guitarist|guitarist|songwriter|musician,cancer
Q456850,female,Spain,film actor|film producer|stage actor|film director|actor|screenwriter,cancer
Q457123,female,France,film director|playwright|writer|screenwriter,cancer
Q457258,male,Mexico,athletics competitor,cancer
Q45167,male,South Africa,association football player,cancer
Q452749,female,United States,film actor|television actor|stage actor|voice actor|singer|actor,myocardial infarction|heart failure
Q454630,male,Germany|Russia|Soviet Union,science fiction writer|prose writer|painter|lyricist|playwright|dissident|poet|writer,myocardial infarction
Q455954,male,Honduras,association football player,myocardial infarction
Q456164,male,Italy,association football player,myocardial infarction
Q457866,female,United States,film actor|television actor|actor,myocardial infarction
Q4477434,male,Georgia|Soviet Union,film screenwriter|film director|filmmaker|screenwriter,myocardial infarction
Q456776,male,United States,sports executive|basketball coach|basketball player,pneumonia
Q45305,male,Belarusian People's Republic,chemist|mathematician|physicist|scientist,pneumonia
Q452605,male,United States,decathlete|athletics competitor|basketball player|actor,stroke
Q452173,female,France,politician,leukemia
Q452763,male,United States,film actor|television actor|stage actor|voice actor,lung cancer
Q455824,female,Israel,film actor|director|film director|stage actor|singer|screenwriter|actor,lung cancer
Q456921,male,United States,politician|businessperson,lung cancer
Q44575,male,Spain|Uruguay,essayist|journalist|poet|writer,lung cancer
Q44653,male,Australia,guitarist|musician|songwriter|record producer,dementia
Q456923,female,United States,autobiographer|video artist|film editor|film producer|film director|filmmaker|artist,ovarian cancer
Q44473,male,United States,athletics competitor|film actor|American football player|sports commentator|association football player|actor,prostate cancer
Q447792,male,Kingdom of Denmark,sports commentator|sport cyclist,traffic collision
Q453701,female,Canada,film actor|model|actor,carbon monoxide poisoning
Q448336,male,United States,singer-songwriter|musician|animator|singer|actor,Alzheimer's disease
Q449062,female,United Kingdom,autobiographer|film actor|stage actor|actor,Alzheimer's disease
Q450026,male,Germany,association football coach|association football player,Alzheimer's disease
Q453883,male,United States,collagist|draftsperson|printmaker|painter|photographer,heart failure
Q456000,male,Argentina,association football player|association football coach,heart failure
Q450310,male,France,archivist|Catholic bishop|Catholic priest|librarian,Parkinson's disease
Q445939,male,United Kingdom,philosopher,cancer
Q448067,male,Poland|Germany,athletics competitor,cancer
Q448163,female,United States,recording artist|jazz pianist|music educator|university teacher|pianist|record producer|composer,cancer
Q450706,female,United States,science fiction writer|story editor|screenwriter|writer,cancer
Q450900,female,Georgia|Soviet Union,chess player|athlete,cancer
Q456082,female,United States,film actor|television actor|stage actor,pancreatic cancer
Q45380,male,United States,human rights defender|Chairperson|politician,pancreatic cancer
Q457306,male,United States,recording artist|television actor|guitarist|singer-songwriter|singer|actor|screenwriter,liver disease
Q4573,male,United Kingdom,producer|film actor|television actor|director|film director|film producer|voice actor|stage actor|character actor|association football player|milk deliverer|screenwriter|writer|actor,atrial fibrillation|respiratory failure
Q452740,female,Germany,association football player,osteosarcoma
Q45066,male,Germany,Christian theologian|transitional deacon|Catholic priest|Catholic bishop|archbishop|writer,cardiac arrest
Q457262,female,United States,anthropologist,endometrial cancer
Q45019,male,Germany,university teacher|theologian|Catholic priest|Catholic bishop|writer,cerebral hemorrhage
Q449575,female,United States,journalist|photojournalist|screenwriter|photographer,disease
Q452586,male,New Zealand,rowing coach|rower,amyotrophic lateral sclerosis
Q447426,female,United States,film actor|model|television actor|stage actor|actor,myocardial infarction
Q448678,male,Bulgaria,association football player,myocardial infarction
Q449458,female,United Kingdom,television actor|film actor|actor,myocardial infarction
Q446968,male,United States,film actor|model|television actor|film producer|stunt performer|actor,stroke
Q447891,female,United States,singer|actor,stroke
Q450297,female,United States|Soviet Union,university teacher|mathematician,stroke
Q450675,male,Argentina,Latin Catholic bishop|Catholic theologian|autobiographer|chemical technologist|film actor|philosopher|university teacher|chemist|Latin Catholic priest|preacher|politician|writer,stroke|circulatory collapse
Q451509,male,United States,athletics competitor,stroke
Q454081,male,United Kingdom,film actor|television actor|comedian|actor,lung disease
Q445352,female,Canada,rower,breast cancer
Q446777,female,Italy,athletics competitor,breast cancer
Q447507,female,France,film actor|novelist|film director|screenwriter,breast cancer
Q448233,female,Argentina,translator|writer,breast cancer
Q454065,female,United States,film actor|television actor|stage actor|actor,drug overdose
Q454642,male,Kingdom of the Netherlands,sport cyclist,drug overdose
Q448604,male,United States,film screenwriter|film producer|film director|screenwriter|writer|actor,leukemia
Q449240,female,France,film screenwriter|film actor,lung cancer
Q456390,female,France,film actor|television actor|actor,falling from height
Q45207,male,Japan|Empire of Japan,mixed martial arts fighter|martial artist|professional wrestler|promoter|politician|writer|actor,wild-type transthyretin amyloid
Q452606,female,Russia|Soviet Union,museum professional|memoirist|art historian|television presenter,COVID-19
Q453393,male,United States,jazz musician|saxophonist|composer,COVID-19
Q454927,male,Japan|France,designer|fashion designer|costume designer|businessperson,COVID-19
Q455728,male,Ivory Coast,economist|minister|politician,COVID-19
Q458290,female,United Kingdom,film actor|television actor,COVID-19
Q44752,male,Italy|Vatican City|Kingdom of Italy,Latin Catholic priest|theologian|Catholic bishop|Catholic priest,COVID-19
Q445145,female,Austria,alpine skier,heart failure
Q446717,male,United States,film actor|television actor|voice actor|stage actor|actor,heart failure|cardiac arrest|dysphagia
Q449412,female,United States,jazz musician|recording artist|singer|actor,heart failure
Q451047,female,Chile,javelin thrower|athletics competitor,heart failure
Q449521,male,United States,television actor|film actor|voice actor|television presenter|comedian|actor,cardiac arrest|coronary artery disease|myelodysplastic syndrome
Q446493,male,United States,American football player|film actor|model|television actor|stage actor,pancreatic cancer
Q448817,female,Germany|German Democratic Republic,luger,pancreatic cancer
Q449602,female,United States,television actor|film actor|stage actor|actor,pulmonary embolism
Q445862,male,United States,singer,liver cancer
Q449397,female,South Korea,director|television actor|film actor|film director|stage actor|singer|actor,kidney failure
Q448393,female,United States,film producer|film actor|film director|pornographic actor|screenwriter|actor,ovarian cancer
Q449900,male,United States,television actor|banjoist|film actor|voice actor|film producer|stage actor|actor,surgical complications
Q449147,female,South Korea,film actor|actor,cerebral hemorrhage
Q445829,male,France|Cameroon,recording artist|saxophonist|musician|singer|composer,COVID-19
Q451302,male,Somalia,diplomat|politician,COVID-19
Q444284,female,United States,film actor|television actor|singer|actor,
Q444652,male,United States,politician|lawyer,
Q444684,male,Italy|Kingdom of Italy,association football player|association football coach,
Q444857,female,United States,music educator|music theorist|accordionist|university teacher|composer,
Q445151,male,Belgium,sport cyclist,
Q445334,female,Russia,fencer,
Q445365,male,United States,professional wrestler,
Q445448,male,United States,guitarist|composer,
Q445602,male,Spain,tennis coach|tennis player,
Q445884,male,Iceland,chess official|chess player|politician|lawyer,
Q446115,female,United States|United Kingdom,university teacher|psychologist,
Q446195,female,United States,film actor|model|film director|celebrity|actor,
Q446235,female,France,film actor|television actor|stage actor|singer,
Q446243,female,United States,chemist|astronaut,
Q446526,female,Italy,film actor|stage actor|singer,
Q446635,male,Sweden,music educator|opera singer,
Q446797,female,Romania,table tennis player,
Q446908,male,United Kingdom,autobiographer|association football player,
Q446954,female,United States,film actor|television actor|stage actor|singer,
Q447032,female,United States,recording artist|songwriter|guitarist|singer-songwriter|singer,
Q447069,female,Russia|Soviet Union,film actor|stage actor|actor|screenwriter,
Q447236,male,United States|Israel,pedagogue|university teacher|banker|economist|governor|writer,
Q447256,male,Azerbaijan|Soviet Union,music educator|film score composer|painter|composer,
Q447437,female,Jamaica,recording artist|singer,
Q447514,female,Australia,tennis player,
Q447669,male,United States,television actor|film actor|stage actor|teacher|actor,
Q447879,female,United States,television actor|film actor|stage actor|columnist|entrepreneur,
Q447892,male,United States,television actor|film actor|theatre director|voice actor|film director|stage actor|actor,
Q453288,male,United States|France|United Kingdom,journalist|translator|writer|cultural critic|essayist|literary scholar|literary critic|philosopher|novelist|university teacher,
Q453583,male,United Kingdom,classical guitarist|lutenist|music educator|guitarist|musician|composer,
Q453653,male,Spain,futsal player|association football player|association football coach,
Q453877,female,Poland|Second Polish Republic|Polish People's Republic,film actor|stage actor|actor,
Q454117,male,United Kingdom,protistologist|evolutionary biologist|microbiologist|botanist|biologist|professor,
Q455043,male,Canada,film actor|director|film producer|film director|actor,
Q455076,male,United States|United Kingdom,architectural theoretician|art theorist|visual artist|university teacher|urban planner|architect,
Q455082,female,Italy|France,film actor|actor,
Q455129,male,India,film producer|film director|screenwriter,
Q455509,female,France,social worker|French resistance fighter|prose writer|journalist|nurse|screenwriter|writer|photographer,
Q455564,female,Poland,film actor|film director|stage actor|screenwriter|actor,
Q455656,male,Poland,military officer|politician,
Q455676,male,Greece,politician|judge,
Q455823,male,Germany,association football player,
Q456686,female,United Kingdom,film actor|actor,
Q456688,male,Canada,professional athlete|ice hockey player,
Q456812,male,United Kingdom,literary historian|scholar of French literature|literary critic|university teacher|biographer|translator|historian|writer,
Q456946,male,Italy,film screenwriter|television director|film director|writer|actor|screenwriter,
Q457092,male,United Kingdom,novelist|writer,
Q457158,male,Spain,biochemist|university teacher|diplomat|pharmacist|politician|poet|writer,
Q450918,female,United States,actor|singer|dancer,
Q450940,male,United States,philosopher|university teacher,
Q451325,female,United Kingdom,sprinter,
Q451331,male,Belgium|France,mathematician|university teacher|professor,
Q451406,female,Germany|West Germany,swimmer,
Q451413,female,Germany|German Democratic Republic,sprinter,
Q451567,female,France,actor,
Q451649,female,France,stage actor|film actor|actor,
Q451749,male,Argentina,association football player|association football coach|actor,
Q451793,male,United States|Ukraine|Second Polish Republic,university teacher|theologian|monk|Catholic priest|Catholic bishop,
Q451828,female,Spain,film actor|actor,
Q451885,male,Tanzania,minister|politician,
Q452039,male,Italy,entrepreneur,
Q452162,male,Jamaica,songwriter|singer|composer,
Q452206,female,United States,novelist|opinion journalist|writer|screenwriter,
Q452258,,,,
Q452365,male,Croatia|Socialist Federal Republic of Yugoslavia,tennis coach|tennis player,
Q452404,male,United States,autobiographer|novelist|biographer|journalist|writer,
Q452563,male,United Kingdom,association football player,
Q452792,female,Serbia|Socialist Federal Republic of Yugoslavia|Kingdom of Yugoslavia|Serbia and Montenegro|Federal Republic of Yugoslavia,film actor|television actor|singer|actor,
Q44886,male,France,writer|transitional deacon|Catholic priest|Catholic bishop,
Q44917,male,Germany,association football player|association football coach,
Q45221,male,Germany,film screenwriter|novelist|film director|visual artist|film producer|film actor|painter|author|cinematographer|playwright|poet|screenwriter|writer|actor,
Q448013,male,United States,athletics competitor,
Q448235,male,United States,jazz musician|musician|drummer|conductor,
Q448251,male,Federated States of Micronesia,politician,
Q448296,male,Federated States of Micronesia,politician,
Q448619,female,United States,politician|writer,
Q448845,male,United States,printmaker|designer|visual artist|sculptor|artist|painter|photographer,
Q449064,male,United States|Poland,university teacher|historian|writer,
Q449238,male,United States,screenwriter,
Q449479,female,United States,journalist|writer,
Q449577,male,Soviet Union,aircraft pilot|astronaut,
Q449590,male,South Korea,Catholic bishop|Catholic priest,
Q449616,female,United States,television actor|film actor|model|stage actor|actor,
Q449724,female,United Kingdom,high jumper|athletics competitor,
Q449769,male,Czech Republic|Czechoslovakia,Wikipedian|opinion journalist|philosopher|journalist|pedagogue|university teacher|dean|translator|historian|politician|writer,
Q449867,female,United States,television actor|film actor|model|stage actor,
Q450331,female,United States,university teacher|mathematician,
Q450442,female,Italy,film actor|agricultural entrepreneur|actor,
Q450460,female,Italy,middle-distance runner|athletics competitor|long-distance runner,
Q450594,female,Russia|Belarus|Soviet Union,athletics competitor|sprinter,
Q450638,female,Germany|German Democratic Republic,swimmer,
Q450728,male,United States,producer|film screenwriter|director|film director|film producer|composer|screenwriter|writer|actor,
Q450737,female,United States,science fiction writer|essayist|novelist|writer,
Q450877,female,United States,sprinter,
Q457322,female,Spain,film actor|dancer|television presenter|singer,
Q457705,female,France|Tunisia|French protectorate of Tunisia,essayist|lawyer|jurist|politician|writer,
Q457756,female,Indonesia,weightlifter,
Q457922,female,Serbia|Serbia and Montenegro|Yugoslavia,middle-distance runner|athletics competitor,
Q458073,female,United States,film actor|child actor|biographer|writer|actor,
Q4521684,male,Russia|Soviet Union,director|production designer|film director|animator,
Q4524232,male,Russia|Soviet Union,humorist|theatre director|drama teacher|film director|television presenter|actor|screenwriter,
Q4457,male,Germany|West Germany,professional athlete|sports executive|functionary|association football player|association football coach|coach,
Q44470,male,West Germany,association football player|businessperson,
Q44584,male,Germany,children's writer|journalist|editing staff|translator|playwright|poet|reporter|writer,
Q44593,male,United Kingdom|Trinidad and Tobago,essayist|short story writer|novelist|journalist|writer,
Q44726,male,France,Christian minister|Catholic bishop|diplomat|Catholic priest,
Q44858,male,Germany,association football player|association football coach,
Q44882,male,Belgium,university teacher|theologian|Catholic priest|Catholic bishop,
Q465447,male,France,grand couturier|aircraft pilot|engineer|businessperson,Parkinson's disease
Q470366,male,Serbia|Yugoslavia|Socialist Federal Republic of Yugoslavia,association football player|association football coach,Alzheimer's disease
Q46248,male,United Kingdom,science fiction writer|novelist|children's writer|journalist|author|writer|screenwriter,Alzheimer's disease|posterior cortical atrophy
Q460394,female,United States,basketball coach|basketball player,Alzheimer's disease
Q460646,female,United States,film actor|television actor|model|film producer|actor,Alzheimer's disease
Q465702,female,United States,singer,Alzheimer's disease
Q458974,male,United States,voice actor|comedian|actor,cancer
Q461186,female,France,film actor|model|film director|screenwriter,cancer
Q462266,female,United Kingdom,children's writer|novelist|poet|writer,cancer
Q464791,female,Russia|Soviet Union,opera director|music educator|opera singer|actor,cancer
Q464833,male,United Kingdom,saxophonist|multi-instrumentalist|guitarist|musician|composer|record producer,cancer
Q466733,female,Italy,choreographer|ballet dancer,cancer
Q469488,male,Spain,politician|lawyer,cancer
Q470950,male,Jamaica,music executive|university teacher|politician,cancer
Q467690,female,United States,jazz singer|jazz musician|recording artist|film actor|television actor|singer,disease
Q468487,female,United States,socialite,disease
Q4766738,female,United States,film actor|television actor|stage actor|actor,disease
Q459971,male,United States|The Bahamas,boxer|mixed martial arts fighter|film actor|actor,myocardial infarction
Q460431,male,United Kingdom|United Kingdom of Great Britain and Ireland,philanthropist|humanitarian|business broker|banker|resistance fighter|military personnel,myocardial infarction
Q460756,female,Spain|Lithuania|Russia|Germany|Soviet Union,memoirist|ballet teacher|choreographer|ballet master|ballet dancer|actor,myocardial infarction
Q462327,male,United States,film actor|television actor|stage actor|actor,myocardial infarction
Q463407,male,United States,film actor|television actor|voice actor|musician|writer|actor,myocardial infarction
Q463673,male,United States,recording artist|game show host|talk show host|presenter|film actor|television actor|voice actor|television presenter|musician|singer,myocardial infarction
Q464900,female,India|Dominion of India,politician,myocardial infarction
Q465049,male,Portugal,association football player|association football coach,myocardial infarction
Q465168,male,United States,video installation artist|conceptual artist|installation artist|performance artist|video artist|visual artist|sculptor|painter|illustrator|artist|writer,disease
Q467077,male,Guatemala,Christian minister|military officer|politician,myocardial infarction
Q467929,male,Bolivia,military officer|politician,myocardial infarction
Q468612,male,United Kingdom,record producer|audio engineer,myocardial infarction
Q469371,male,United States,university teacher|surgeon|physician|scientist,myocardial infarction
Q470133,male,Brazil,short story writer|novelist|journalist|writer|screenwriter,myocardial infarction
Q471291,male,Ecuador,politician,myocardial infarction
Q4631,male,Egypt|United Arab Republic|Republic of Egypt|Kingdom of Egypt,materials scientist|university teacher|member of parliament|engineer|politician|president,myocardial infarction
Q459263,female,United States|Lithuania,philanthropist|philologist|social activist|politician,stroke
Q461675,female,Nigeria,children's writer|novelist|sociologist|editor|playwright|writer,stroke
Q465684,female,United States,religious sister,stroke
Q468243,female,France,film actor|actor,stroke
Q470920,male,Vietnam,politician|military personnel,stroke
Q471328,male,Italy|Kingdom of Italy,director|film director|television presenter|comedian|politician|actor|writer|screenwriter,diabetes
Q470591,male,United States,film actor|television actor|karateka|judoka|director|film director|character actor,pneumonia
Q472051,male,United States,television actor|guitarist|lyricist|singer-songwriter|pianist|singer|actor,pneumonia|rheumatoid arthritis
Q468531,female,Indonesia|Kingdom of the Netherlands,recording artist|singer,leukemia
Q458512,female,United States,film actor|television actor|theatre director|choreographer|stage actor|actor,pneumonia
Q460062,female,Canada,film actor|stage actor,pneumonia
Q465248,female,Taiwan,singer|actor|writer,pneumonia
Q463397,male,United States,film actor|television actor|stage actor|actor,lung cancer
Q466574,female,Brazil,actor,lung cancer
Q466711,female,Italy|Kingdom of Italy,film actor|model|fashion model|actor,lung cancer
Q462250,female,United States,pornographic actor|author|singer|actor,heart failure
Q464810,male,United States,politician|military officer|lawyer|farmer|jurist,heart failure
Q468848,female,United States,film actor|television actor|actor,breast cancer
Q465183,female,Kingdom of the Netherlands,women's rights activist|novelist|journalist|writer|screenwriter,esophageal cancer
Q468443,female,United States,film actor|film director|television actor|film producer|stage actor|singer|actor,lung cancer
Q470500,male,Haiti,politician|military personnel,lung cancer
Q471546,male,Australia,documentarian|director|film director|journalist|filmmaker|author|war correspondent|writer|screenwriter,pulmonary fibrosis
Q47651,male,Italy|Kingdom of Italy,journalist|politician,lung cancer|pancreatic cancer
Q461256,female,United States,singer,pancreatic cancer
Q461734,female,United States,politician|lawyer|judge,pancreatic cancer
Q463402,male,United States,film actor|television actor|actor,pancreatic cancer
Q464846,male,Ireland,association football player,pancreatic cancer
Q469966,male,Norway,short story writer|novelist|playwright|writer|screenwriter,cardiac arrest
Q474312,male,Liberia,politician,cardiac arrest
Q466137,trans woman,New Zealand,politician,kidney failure
Q460071,male,Armenia,singer-songwriter|musician|singer|composer,COVID-19
Q461264,male,United States,dub actor|film actor|television actor|voice actor|stage actor,intestinal cancer
Q462368,female,Canada|United States,film actor|television actor|stage actor|actor,brain cancer
Q462990,male,United States|Romania,intelligence officer|opinion journalist|journalist,COVID-19
Q464186,female,Turkey,film actor|director|politician|actor|screenwriter,COVID-19
Q467395,male,Japan|Empire of Japan,religious person|pedagogue|writer,senility
Q468864,female,Tunisia,Internet activist|racewalker|political activist|blogger|journalist,kidney failure
Q464479,female,Mexico,film actor|television actor|actor,cardiovascular disease
Q468470,female,Mexico|Argentina,film actor|television actor|actor,respiratory failure
Q470027,female,France,film actor|stage actor|actor,respiratory failure
Q462050,female,United States,actor,breast cancer
Q4762704,female,United States|Austria,cell biologist|oncologist|molecular biologist|university teacher,ovarian cancer
Q463492,male,Argentina,association football player,laryngeal cancer
Q463497,male,United States,video game actor|film actor|film editor|television actor|voice actor|television director|cinematographer|actor,laryngeal cancer
Q458323,male,Spain,economist|politician|lawyer,liver cancer
Q460696,male,Hungary,association football player,osteosarcoma
Q461816,male,Bangladesh|Pakistan|British Raj,military officer|politician,myelodysplastic syndrome
Q467500,male,United States|Mexico,film producer|television producer|screenwriter,kidney disease
Q472267,male,Italy|Kingdom of Italy,university teacher|theologian|Catholic bishop|Catholic priest|archbishop,brain cancer
Q471801,male,United States,film actor|television actor,prostate cancer
Q471824,male,United States,boxer,prostate cancer
Q45864,male,United States|United Kingdom,programmer|engineer|politician|computer scientist|businessperson,hanging to death
Q465442,male,United States,videographer|postal worker|television actor|motorman|singer|voice actor|comedian|actor,prostate cancer
Q462331,male,Lebanon|Lebanese Republic under French mandate|State of Greater Lebanon,university teacher|Catholic priest|Catholic bishop,pneumonitis
Q466683,female,United States,autobiographer|professional wrestler|film actor|television actor|model|erotic photography model|Playboy Playmate|pornographic actor|actor,drug overdose
Q470946,male,Morocco,politician|lawyer,heart disease
Q469027,male,Japan|Empire of Japan,designer|fashion designer|perfumer|businessperson,hepatocellular carcinoma
Q470875,male,India|British Raj|Dominion of India,film producer|journalist|poet|politician|writer|screenwriter,multiple organ dysfunction syndrome
Q472024,male,Russia|Soviet Union,film actor|television actor|stage actor|actor,multiple organ dysfunction syndrome
Q467570,male,United States,film actor|television actor|stage actor|comedian|writer|actor|screenwriter,bone marrow cancer
Q470007,female,United States,beauty pageant contestant|film actor|television actor|stage actor,COVID-19
Q470463,male,Montenegro,Eastern Orthodox priest|Eastern Orthodox monk|Orthodox theologian|string player|university teacher|historian|translator,COVID-19
Q471175,male,Sweden,draftsperson|art theorist|blogger|art critic|caricaturist|art historian|painter|university teacher|sculptor,car collision
Q466139,male,Russia,manufacturer|film actor|television actor|theatre director|manager|director|drama teacher|film producer|stage actor|theatrical producer|pedagogue|actor,sepsis
Q465018,female,India|Dominion of India,film actor|politician,cardiac arrest
Q465249,female,Belgium|France,film actor|singer,cardiac arrest
Q471540,male,United Kingdom,theoretical physicist|cosmologist|university teacher|astrophysicist|physicist|playwright|mathematician|writer|astronomer,colorectal cancer
Q470998,male,United States,film actor|television actor|actor,skin cancer
Q458618,male,United States,novelist|publisher|journalist|writer,
Q458663,female,Brazil,singer,
Q458714,female,United States,editor|comics artist|illustrator|artist|historian|writer,
Q458713,male,Switzerland,sport cyclist,
Q459052,female,United States,jazz singer|recording artist|music educator|singer-songwriter|singer,
Q459226,female,Sweden,journalist|politician,
Q459374,male,Kingdom of the Netherlands,association football player,
Q459631,female,United States,short story writer|novelist|writer,
Q459641,female,France,university teacher|translator|writer|actor|screenwriter,
Q459811,male,Uruguay,association football player,
Q459871,female,United States,film actor|television actor|stage actor|painter|singer|actor,
Q459973,female,United States,singer|actor,
Q460044,female,Hungary,university teacher|mathematician,
Q460109,male,Spain,novelist|columnist|writer|screenwriter,
Q460193,male,United States,basketball coach|sports commentator|basketball player|coach,
Q461112,female,France,researcher|university teacher|mathematician|physicist,
Q461259,female,Switzerland|France,film actor|television actor,
Q461354,female,United States,film actor|television actor|model|singer|actor,
Q461592,female,Ukraine|Soviet Union,artistic gymnast,
Q461668,female,Liberia,politician,
Q461709,male,United States,politician|lawyer,
Q461923,male,Estonia|Soviet Union,music educator|music teacher|folklorist|university teacher|film score composer|composer,
Q462061,male,Iraq,politician|military personnel,
Q463106,male,Ghana,association football player,
Q463164,female,Italy|Germany,designer|model|socialite|actor,
Q463350,female,Australia,long jumper|athletics competitor|sprinter,
Q463618,female,Hungary,artistic gymnast|gymnastics coach,
Q463747,female,Kingdom of Denmark,autobiographer|journalist|author|screenwriter,
Q463840,male,United Kingdom,club DJ|sculptor|disc jockey|record producer,
Q463985,male,United Kingdom,association football player,
Q464371,female,France,literary scholar|children's writer|university teacher|journalist|playwright|writer,
Q464378,male,Italy|Kingdom of Italy,sculptor,
Q464700,male,United States,novelist|historian|writer,
Q464906,female,Turkey|Ottoman Empire,sumerologist|assyriologist|archaeologist,
Q464935,male,United Kingdom,statistician|university teacher|mathematician,
Q464976,female,United Kingdom,autobiographer|novelist|intelligence officer|civil servant|archivist|librarian|writer,
Q465247,male,Hungary|United States,chess player|chess composer,
Q465421,female,Brazil,short story writer|novelist|lawyer|writer,
Q465481,male,Pakistan|Bangladesh|British Raj,politician|lawyer|judge,
Q465700,female,United Kingdom,short story writer|essayist|novelist|literary critic|film critic|writer,
Q465709,female,United States|France,film actor|television actor|model|stage actor|entrepreneur|screenwriter,
Q465748,male,Russia|Soviet Union,aircraft pilot|writer|astronaut,
Q465984,male,Germany|German Democratic Republic,boxer|coach,
Q466198,male,United States,recording artist|jazz musician|pedagogue|composer,
Q466210,female,North Macedonia,philologist|university teacher|politician,
Q466531,female,North Macedonia|Socialist Federal Republic of Yugoslavia|Kingdom of Bulgaria|Democratic Federal Yugoslavia|Independent Macedonia,singer|politician,
Q466998,male,Norway,anthropologist|university teacher,
Q467133,male,United States,jurist|politician|mayor,
Q467336,female,India,trade unionist|activist|social worker|politician|lawyer,
Q467434,female,Sweden,children's writer|journalist|illustrator|writer|screenwriter,
Q467462,male,Kingdom of Denmark,watercolorist|draftsperson|printmaker|film director|sculptor|university teacher|illustrator|filmmaker|painter|geologist|poet|writer,
Q467482,male,Estonia|Soviet Union,science fiction writer|prose writer|essayist|philosopher|children's writer|journalist|university teacher|translator|politician|poet|writer,
Q467574,male,United States|Switzerland,collagist|video artist|director|film director|cinematographer|artist|photographer|screenwriter,
Q467754,male,Spain|France,designer|fashion designer|businessperson,
Q467911,female,Italy,film screenwriter|publisher|journalist|photojournalist|politician|photographer,
Q467961,female,United States,political activist|editing staff|resistance fighter|poet|writer,
Q468055,male,Senegal,athletics competitor|swimmer|minister|politician,
Q468250,male,Russia,aircraft pilot|flight engineer|engineer|astronaut,
Q468353,female,South Africa,swimmer,
Q468383,female,Croatia|Socialist Federal Republic of Yugoslavia,pop singer|singer,
Q468403,female,Estonia|Soviet Union,actor,
Q468524,female,Belize,justice of the peace|politician,
Q468661,female,United States,film actor|television actor|interior designer|actor,
Q469110,male,Malta,university teacher|Catholic priest|Catholic bishop,
Q469299,male,Sudan,theologian|minister|politician,
Q469516,male,China,communist|foreign minister|diplomat|politician,
Q469552,male,Russia|Soviet Union,opera director|music educator|conductor,
Q469565,female,United States,philosopher|publisher|university teacher|writer,
Q469641,female,Kenya,journalist|diplomat|nurse|politician|writer,
Q469761,male,United States,classical philologist|non-fiction writer|academic|university teacher|historian,
Q469821,female,Vietnam,radio personality|propagandist,
Q469942,male,India|British Raj|Dominion of India,Catholic bishop|Catholic priest|archbishop|screenwriter,
Q470019,male,United States,professional wrestler|film actor|television actor|stunt performer|actor,
Q470363,male,United States|Kingdom of Hungary,university teacher|jurist|lawyer|writer,
Q470617,male,United States,jazz saxophonist|recording artist,
Q470639,male,Serbia|Serbia and Montenegro|Socialist Federal Republic of Yugoslavia,basketball coach|basketball player,
Q470656,male,United States|Italy,mathematician|computer scientist|astronomer,
Q471093,male,Spain,opera singer|actor,
Q471229,male,Papua New Guinea,diplomat|politician,
Q471351,male,Nigeria,politician|lawyer,
Q471537,male,Armenia|Soviet Union,wind instrument player|musician|composer,
Q471629,male,Japan|Empire of Japan,karateka|writer,
Q471740,male,United States|Russia|Armenia|Soviet Union,film actor|director|theatre director|voice actor|drama teacher|stage actor|pedagogue|actor,
Q471879,male,United Kingdom,autobiographer|film actor|television actor|stage actor,
Q471967,male,United Kingdom,guitarist|lyricist|singer-songwriter|musician|record producer|poet,
Q472114,male,United Kingdom|Romania,musician|pianist,
Q472497,male,Russia,flight engineer|engineer|astronaut,
Q472507,male,United States,linguist|translator|poet|writer,
Q472547,male,United States,jurist|lawyer|judge,
Q472557,male,Greece|Italy|Kingdom of Italy,draftsperson|video artist|installation artist|scenographer|performance artist|designer|visual artist|graphic artist|sculptor|university teacher|painter|stage painter|illustrator|artist|teacher|photographer,
Q472623,male,Norway|Kingdom of Denmark,short story writer|writer,
Q473117,male,Jamaica,sprinter,
Q473214,male,Fiji,banker|politician,
Q476825,male,France,film producer|director|film score composer|film director|writer|screenwriter,
Q47005966,male,Russia,military officer,
Q45917,male,Egypt|United Arab Republic|Republic of Egypt|Kingdom of Egypt,politician|military personnel,
Q45997,male,United Kingdom,opinion journalist|journalist|editor|author|historian|speechwriter|writer,
Q46868,male,United States|Taiwan,architect,
Q47085,female,United States|Czech Republic|Czechoslovakia,athletics competitor|basketball player|athlete|personal trainer,
Q488603,male,United States|United Kingdom,musician|guitarist|singer-songwriter|record producer|singer|composer,cancer
Q500374,male,Chad,minister|politician,cancer
Q503027,male,United States,film actor|art collector|voice actor|television actor|stage actor|actor,cancer
Q481783,male,France,sport cyclist,myocardial infarction
Q493028,male,United States,religious leader|film score composer|singer-songwriter|record producer|composer,myocardial infarction
Q493116,male,Germany,association football player,myocardial infarction
Q502041,male,Russia|Soviet Union,prose writer|essayist|writer,myocardial infarction
Q502990,male,France|Algeria,recording artist|musician|singer|disc jockey,myocardial infarction
Q51525,male,United States|Czech Republic|Czechoslovakia,film actor|director|film producer|film director|playwright|actor|screenwriter,disease
Q506159,male,Italy|Kingdom of Italy,film actor|film director|stage actor|television presenter|writer|screenwriter,Parkinson's disease
Q516318,male,France,biographer|journalist|university teacher|historian|politician|writer,Parkinson's disease
Q518861,male,United States,political adviser|diplomat|politician,Parkinson's disease
Q47755,male,Hungary|Germany,novelist|journalist|playwright|translator|writer|screenwriter,Parkinson's disease
Q505028,male,United Kingdom,association football coach|association football player,Alzheimer's disease
Q506885,male,United States,film screenwriter|novelist|playwright|writer|screenwriter,pneumonia|colorectal cancer
Q508044,female,United States,sprinter,pneumonia
Q512978,male,United States,film actor|television actor|stage actor|actor,pneumonia
Q515852,male,Japan|Empire of Japan,association football player|association football coach,pneumonia
Q519878,male,Russia|Soviet Union,short story writer|novelist|screenwriter|writer,pneumonia
Q51582,male,United States,film screenwriter|film producer|director|film director|television director|writer|screenwriter,pneumonia|heart failure
Q511512,female,Italy|Kingdom of Italy,circus performer|film actor,stroke
Q517710,male,Hungary,poet,stroke
Q505940,male,Australia,director|cinematographer|actor,myocardial infarction
Q511074,male,United States,musician|singer-songwriter|singer|film score composer|keyboardist|composer|actor,myocardial infarction
Q517302,male,Serbia|Serbia and Montenegro|Socialist Federal Republic of Yugoslavia,association football player,myocardial infarction
Q4976962,male,Greece,soloist|singer|composer,myocardial infarction
Q5076865,male,United States,television actor|comedian|actor|singer,myocardial infarction
Q50896,male,Italy,radio personality|lyricist|television presenter,myocardial infarction
Q490347,male,United States,television actor|film actor|stage actor,diabetes
Q5066520,male,United States,film producer|television actor|film actor|director|voice actor|screenwriter|actor|playwright,colorectal cancer
Q494257,female,United Kingdom,novelist|writer,breast cancer
Q499491,male,United States,jazz musician|percussionist|drummer,lung cancer
Q483700,male,Japan,judoka,cholangiocarcinoma
Q485508,male,United States,cult leader|criminal|musician|serial killer,cardiac arrest|colorectal cancer
Q494913,male,United Kingdom,association football player,cardiac arrest
Q498420,male,United States,television actor|film actor|character actor,cardiac arrest
Q500611,male,Canada,film screenwriter|film actor|film editor|film producer|film director|screenwriter|actor,cardiac arrest
Q51511,male,Canada|United States,film screenwriter|television actor|film actor|film editor|director|film producer|voice actor|film director|writer|actor,lung cancer
Q512535,male,Jordan,diplomat|politician,cancer
Q514456,male,United States,basketball coach|basketball player,cancer
Q515815,male,Italy,association football player,cancer
Q515904,male,Poland|France,film actor|television actor|film director|journalist|screenwriter|writer,cancer
Q4944209,female,Sweden,literary critic|philosopher|university teacher,cancer|breast cancer
Q484484,male,South Korea,model|radio personality|songwriter|singer-songwriter|singer|actor,carbon monoxide poisoning
Q489681,male,South Korea,television actor|film actor|stage actor|actor,carbon monoxide poisoning
Q522933,female,United States,television actor|film actor|actor,dementia
Q51703,female,United States,film actor|television actor|stage actor|executive producer,dementia
Q504743,male,Kingdom of the Netherlands,music educator|opinion journalist|university teacher|graphic designer|pianist|composer,dementia
Q498019,male,United States,professional fitness coach|dancer|restaurateur|radio personality|voice actor|instructor|comedian|singer|writer|actor,falling|heart disease
Q5018756,male,Tanzania,chemist|minister|politician,heart arrhythmia
Q484533,male,South Korea,association football player|association football coach,pancreatic cancer
Q487882,male,Greece|France,recording artist|bassist|singer|composer,pancreatic cancer|stomach cancer|liver cancer
Q505439,male,United States|United Kingdom,ecologist|meteorologist|climatologist|astronaut,pancreatic cancer
Q483672,male,Yemen,military personnel|politician,gunshot wound
Q497770,male,France,model|actor,skiing accident
Q501296,male,United Kingdom,rock musician|keyboardist|musician|guitarist|bassist|record producer|disc jockey|composer,aortic dissection
Q502147,male,Russia,music educator|film score composer|pianist|composer,cerebrovascular disease
Q504409,male,United Kingdom,singer-songwriter|singer,car collision
Q508497,male,Argentina,film editor|film producer|director|film director|theatre director|musician|cinematographer|politician|actor|screenwriter,COVID-19
Q508658,male,Italy,association football player|association football coach,COVID-19
Q509775,male,Turkey,theologian|preacher|civil servant|entrepreneur|politician|architect|teacher,COVID-19
Q512459,female,United States,physical chemist|crystallographer|biophysicist|chemist|university teacher,brain cancer
Q520296,male,United States,recording artist|musician|mail carrier|singer-songwriter|guitarist|singer|composer,COVID-19
Q523020,male,United Kingdom,truck driver,COVID-19
Q4977068,female,Armenia,music educator|politician,COVID-19
Q47780,female,United Kingdom|Iraq,designer|jewelry designer|university teacher|sculptor|artist|painter|architect,heart attack
Q498678,male,Germany,track cyclist|sport cyclist,anaphylaxis
Q504824,male,United States,investor|financier|economist|businessperson,esophageal cancer
Q48987,male,United States,producer|film screenwriter|film actor|director|film producer|film director|film score composer|documentary filmmaker|cinematographer|composer|writer|actor,esophageal cancer
Q487043,male,United States,jazz musician|music educator|pedagogue|pianist,COVID-19
Q487927,male,Russia|Soviet Union,biathlete,COVID-19
Q491019,male,United States,radio personality|journalist|politician|businessperson|writer,COVID-19
Q505969,male,United States,film actor|television actor|stage actor|comedian,cardiac arrest|heart failure|coronary artery disease
Q507014,male,France,urban theorist|art theorist|theorist|critic|opinion journalist|philosopher|sociologist|university teacher|exhibition curator|painter|urban planner|architect|writer|photographer,cardiovascular disease
Q509093,male,United States,obstetrician|physician|politician,prostate cancer
Q504834,male,Colombia,Catholic bishop|Catholic priest,liver disease
Q522031,male,United States|Nigeria,art critic|art historian|university teacher|exhibition curator|curator|poet|writer,multiple myeloma
Q503264,male,United States,recording artist|autobiographer|keyboardist|guitarist|pianist|singer-songwriter|singer|writer,liver cancer
Q504816,male,United States,theologian|Catholic bishop|Catholic priest,liver cancer
Q505957,male,Germany,film score composer|songwriter|composer,pulmonary embolism
Q510063,male,Spain,motorcycle racer,collision|falling
Q487473,male,Italy,presenter|recording artist|saxophonist|keyboardist|lyricist|songwriter|performing artist|musician|television presenter|guitarist|singer-songwriter|drummer|singer|composer,prostate cancer
Q521145,male,United States,baseball player|politician|lawyer,heart failure
Q5044672,female,United States,television actor|film actor,heart failure
Q48765,male,United States,dancer|director|film producer|choreographer|film director,heart failure
Q498715,male,United States,music educator|jazz musician|jazz guitarist|guitarist|composer,heart failure
Q498820,male,United States,television actor|film actor|stage actor,heart failure
Q504643,male,United States,middle-distance runner|goodwill ambassador|sprinter|aircraft pilot|military officer|coach,heart failure
Q522739,male,United States,music executive|author|rapper|songwriter|record producer|entrepreneur,hematopoietic system disease
Q48719890,male,United States,rapper|songwriter|singer,gunshot wound
Q50542097,female,Brazil,parliamentary aide|women's rights activist|sociologist|human rights defender|politician,gunshot wound
Q509029,female,Belgium,recording artist|singer-songwriter|singer|actor,falling
Q521172,male,United States|Italy,powerlifter|bodybuilder|weightlifter|film producer|boxer|chiropractor|film director|screenwriter|actor|writer,drowning
Q511742,female,United States,essayist|novelist|choreographer|playwright|poet|screenwriter|actor|writer,cerebrovascular disease
Q52151598,male,United States,singer|rapper|songwriter,drug overdose
Q50672,male,Norway,alpine skiing coach|alpine skier,ileus
Q51983,male,Uruguay,economist|politician|professor,respiratory failure
Q4980869,female,Germany,biathlete|cross-country skier|mountaineer|customs officer,rockfall
Q50862318,male,France,gendarme officer,stab wound
Q495560,female,Canada,model|erotic photography model|pornographic actor|film actor,
Q496501,female,South Korea,model|singer|actor,
Q497165,female,Hungary|Romania,fencer,
Q498081,male,Italy,sport cyclist,
Q498268,male,Germany,association football player|association football coach,
Q498734,male,Argentina,Catholic priest|university teacher|Catholic bishop,
Q499056,male,United States,military officer|politician,
Q499162,male,Belgium,sport cyclist,
Q500345,male,Tanzania,minister|politician,
Q500417,male,United Kingdom,association football player|association football coach,
Q501880,male,United Kingdom,orientalist|university teacher|historian,
Q502076,male,Georgia|Soviet Union,film producer|film director|drama teacher|filmmaker|politician|screenwriter|actor,
Q502651,male,Russia|Soviet Union,theatre director|drama teacher|painter|pedagogue|writer|actor,
Q502963,male,United States,aircraft pilot|test pilot|chemist|military officer|businessperson|screenwriter|astronaut,
Q502977,male,Portugal,association football player|association football coach,
Q503017,male,France,philosopher|university teacher,
Q503189,male,Latvia|Soviet Union,association football player|association football coach,
Q503281,male,Kingdom of the Netherlands,association football player|association football coach,
Q503297,male,Italy|Kingdom of Italy,association football player|association football coach,
Q503324,male,Australia,Catholic bishop|Catholic priest|diplomat,
Q503360,male,United States,university teacher|astrophysicist|physicist|astronomer,
Q503701,male,United Kingdom|Australia,songwriter|guitarist|musician|bassist|record producer,
Q504070,male,United States|Soviet Union,bus driver|military personnel|dentist,
Q504387,male,United States|Australia,fencer|manager|banker|jurist|economist|politician|lawyer,
Q477729,male,Serbia|Socialist Federal Republic of Yugoslavia,theoretical physicist|nuclear physicist|university teacher,
Q482817,male,South Korea,pastor,
Q486886,male,Greece|Albania,religious studies scholar|Orthodox theologian|Oriental Orthodox bishop|charity worker|Eastern Orthodox priest|university teacher|missionary,
Q486959,female,South Korea,television actor|film actor|child actor|actor,
Q487094,male,United States,film actor|director|film director|cinematographer|actor,
Q487514,male,United States,television actor|film actor|businessperson|actor,
Q487779,male,Russia|Soviet Union,politician|poet,
Q488043,male,Russia|Soviet Union,aircraft pilot|writer|astronaut,
Q488198,male,Ukraine|Soviet Union,statesperson|diplomat,
Q488200,male,United States|Turkey,social activist|opinion journalist|Islamic religious leaders|preacher|imam|intellectual|writer,
Q491092,male,United Kingdom,jazz musician|bandleader|trombonist|conductor|composer,
Q491575,male,Germany,association football player|association football coach,
Q491662,male,Germany,association football player,
Q491809,male,United Kingdom,novelist|director|film director|screenwriter,
Q492874,male,Kingdom of the Netherlands,track cyclist|sport cyclist,
Q493081,male,Spain,association football player|association football coach,
Q493733,male,Sweden,recording artist|television presenter|songwriter|singer|writer|actor,
Q494287,male,United States,economic historian|geopolitical analyst|sociologist|political scientist|historian|economist|writer,
Q494412,male,South Korea,sports official|industrialist|entrepreneur|businessperson,
Q494996,female,South Korea,singer|actor,
Q495491,male,United States,speed skater,
Q495517,male,Federated States of Micronesia,politician,
Q509461,female,Estonia|Soviet Union,composer|music educator|university teacher,
Q509655,male,Poland|France,sport cyclist,
Q509988,female,France,film actor|television actor|television presenter|writer,
Q510299,male,Italy|Kingdom of Italy,association football player,
Q510661,male,Australia,anthropologist|university teacher|zoologist,
Q511484,male,United States,professional wrestler|manager|actor,
Q513711,female,United States,film actor|television actor,
Q514279,male,Germany,association football player|association football coach,
Q515012,male,Poland,association football player|association football coach,
Q516070,male,Italy,Formula One driver|racing automobile driver|racing driver|engineer,
Q516790,male,Germany,tool and die maker|association football player|association football coach|teacher,
Q517435,female,United States,science fiction writer|novelist|children's writer|psychiatrist|physician|writer,
Q518293,male,United Kingdom,philosopher|university teacher,
Q520186,male,United States|Latvia,slavist|linguist|computer scientist|university teacher,
Q520631,male,United States,economist|university teacher,
Q520829,male,France,association football player,
Q521358,male,United States,philosopher|theologian|writer,
Q521844,male,Russia,rower,
Q4806029,male,United States,physicist|politician,
Q4857023,female,Pakistan|British Raj,novelist|playwright|writer,
Q4908368,male,United States,television actor|comedian|actor,
Q4937352,female,Ethiopia,scientist,
Q4943414,female,United States,film producer|film director|screenwriter|actor|cinematographer|photographer,
Q4981944,female,Sweden,jewelry designer|dancer|silversmith|actor,
Q4994273,female,Russia|Soviet Union,explorer|astronaut,
Q5177069,female,Sweden,patron of the arts|philanthropist|memoirist|film actor|aristocrat|stage actor|spokesperson,
Q48041,male,Russia,military officer,
Q48280,female,United Kingdom,recording artist|film actor|singer|actor,
Q49072,male,United States,diarist|science fiction writer|novelist|writer|screenwriter,
Q49216,male,United States,memoirist|diplomat|politician|lawyer,
Q504448,male,Israel|Mexico,theoretical physicist|university teacher|astrophysicist|astronomer,
Q504658,male,United States,guitarist|singer-songwriter,
Q504810,male,Kingdom of the Netherlands,university teacher|Catholic priest,
Q504821,male,Spain,theologian|university teacher|Catholic bishop|Catholic priest|diplomat,
Q504945,male,Spain,philosopher|theologian|friar|Catholic bishop|Catholic priest,
Q505383,male,Spain,linguist|essayist|historian|writer,
Q505476,male,Sweden,remixer|musician|record producer|disc jockey,
Q505580,male,United States,filmmaker|director|documentarian|film producer|film actor|film editor|film director|screenwriter|writer|actor,
Q505626,male,France,film screenwriter|director|film producer|novelist|film director|screenwriter|writer,
Q505876,male,Spain|United States,dipterologist|philosopher|geneticist|university teacher|biologist,
Q505882,male,United States,rapper|film actor|television actor|record producer|disc jockey|composer|actor,
Q505906,male,Germany,non-fiction writer|association football coach|association football player,
Q505919,male,Germany,association football player,
Q507046,male,United States,electrotechnician|aircraft pilot|electrical engineer|military officer|engineer|astronaut,
Q507073,male,Italy,fashion designer|costume designer|artist,
Q508259,male,United States,novelist|poet lawyer|lawyer|writer,
Q508614,female,Sweden,singer|actor,
Q508730,male,United Kingdom,Shaykh|philosopher|ulema|actor|screenwriter,
Q49606,male,Russia,weightlifter|journalist|politician|writer,
Q49735,male,United States,songwriter|singer|actor,
Q49760,male,France|United Kingdom,opera director|cinephile|autobiographer|theatrologist|theatre director|director|film director|writer|screenwriter,
Q50893,male,Kingdom of Denmark,non-fiction writer|sailor|engineer|businessperson,
Q51002,male,Ghana,soldier|politician|military personnel,
Q51057,male,United States,comics editor|comics writer|comics artist|screenwriter,
Q51541,male,United Kingdom,film screenwriter|director|television director|film director|cinematographer,
Q547181,female,United States,singer-songwriter|singer|record producer,cancer
Q549179,male,United Kingdom,musician|singer-songwriter|pianist,cancer
Q551568,male,United States,film screenwriter|video game actor|television writer|television actor|film director|film actor|stage actor|film producer|television director|television producer|writer|actor,cancer
Q552916,male,United States,physicist|politician,cancer
Q553742,male,Finland,film actor|film director|musician|association football player|comedian|singer|actor|screenwriter,cancer
Q525300,male,Canada,ice hockey player|ice hockey coach,Alzheimer's disease
Q549996,male,United States,bobsledder|skier,disease
Q53040,male,Italy,opera director|librettist|director|theatre director|film producer|film director|television producer|politician|actor|screenwriter,disease
Q529254,male,United Kingdom,autobiographer|association football player|association football coach,Parkinson's disease
Q528783,male,United Kingdom,theologian|Catholic bishop|Catholic priest,cancer
Q541526,male,United States,theatre maker|draftsperson|video artist|installation artist|theatre designer|performance artist|film actor|director|visual artist|designer|scenographer|theatre director|film director|choreographer|speaker|graphic artist|lighting designer|painter|artist|illustrator|musician|playwright|architect|writer|composer|actor|screenwriter,cancer
Q545289,male,United Kingdom,snooker player,cancer
Q552483,male,Germany,politician|judge,Parkinson's disease
Q54581,male,United States|Ecuador,tennis coach|tennis player,Parkinson's disease
Q527531,female,Hungary,artistic gymnast|teacher|coach,disease
Q529873,male,United States,politician|lawyer,disease
Q537631,male,Russia|Soviet Union,film screenwriter|film director|drama teacher|filmmaker|pedagogue|actor|screenwriter,disease
Q546107,male,United Kingdom,association football coach|association football player|writer,disease
Q547030,male,Canada,Catholic bishop|Catholic priest|writer,diabetes
Q534428,male,United States,Internet activist|essayist|blogger|rancher|lyricist|songwriter|farmer|poet,myocardial infarction
Q538608,male,Brazil|Argentina,director|film director|film producer|screenwriter,myocardial infarction|sinusitis
Q552167,male,Argentina,association football player,pneumonia
Q552681,male,France,television actor|film actor|stage actor|singer|writer,pneumonia
Q52412,male,Russia|Soviet Union,military officer|military personnel,pneumonia
Q53037,male,Italy|Kingdom of Italy,director|film director|politician|screenwriter,pneumonia
Q526300,male,United Kingdom,association football player|association football coach|politician,dementia
Q527741,female,Zimbabwe,jazz singer|jazz musician|songwriter|singer,arterial hypertension
Q546592,male,Japan|Empire of Japan,recording artist|keyboardist|film score composer|composer,heart failure
Q541599,female,Ireland,guitarist|singer-songwriter|singer,falling
Q539385,male,United States,military flight engineer|aircraft pilot|military officer|astronaut,stroke
Q546825,male,Serbia,association football player,stroke
Q524512,male,Kingdom of the Netherlands,association football player,diabetes
Q524187,male,Mexico,YouTuber|film actor|television actor|stage actor,liver cirrhosis
Q548208,male,Hungary,association football player|association football referee,stroke
Q551478,male,United States,fiddler|guitarist|songwriter|singer-songwriter|singer|composer|actor,stroke
Q54544,male,United States,naval officer|tennis player,stroke
Q525909,male,United Kingdom,cricketer|association football player|association football coach,esophageal cancer
Q527303,male,United States,film actor|television actor|character actor|actor,epilepsy
Q532830,male,Philippines,Catholic priest|Catholic bishop,sepsis
Q544469,male,France,sound artist|film score composer|record producer|composer,sepsis
Q545901,male,United States,motivational speaker|psychotherapist|psychologist|writer|actor,coronary artery disease
Q540784,male,United States,producer|prose writer|novelist|film director|film producer|writer|screenwriter,multiple myeloma
Q550019,male,Brazil,association football player|politician,colorectal cancer
Q5373253,male,Gabon,diplomat|minister|politician,asthma
Q544899,male,United States,draftsperson|printmaker|designer|graphic artist|sculptor|painter|artist,respiratory failure
Q545644,male,Canada|France,Catholic theologian|philosopher|writer,thyroid cancer
Q55210,male,Iran,film editor|director|film producer|film director|sculptor|photojournalist|painter|editing staff|illustrator|graphic designer|cinematographer|poet|actor|screenwriter|photographer,stomach cancer|surgical complications
Q551576,male,Guinea,singer,chronic condition
Q526468,male,United States,film actor|television actor|voice actor|actor,stomach cancer
Q527596,male,Romania,kayaker|canoeist|military officer|coach,stomach cancer
Q549365,male,Australia,long-distance runner|athletics competitor|politician,kidney failure
Q552061,male,United Kingdom,songwriter|bassist,lung cancer
Q553249,male,Canada,ice hockey player,lung cancer
Q53009,male,Italy|Kingdom of Italy,film screenwriter|film actor|film editor|director|film producer|film director|author|playwright|poet|screenwriter,lung cancer
Q54977,male,Russia|Soviet Union,manufacturer|presenter|film producer|television producer|television presenter,lung cancer
Q55183,female,United States,manager|businessperson,lung cancer|non-small-cell lung carcinoma
Q524281,male,United States,film actor|television actor|voice actor|record producer|actor,heart disease
Q526406,male,United States,singer-songwriter|guitarist|musician|record producer|singer|composer,heart disease
Q553502,male,United States,politician,heart disease
Q53672,female,United Kingdom,novelist|writer|screenwriter,amyotrophic lateral sclerosis
Q534413,male,United States,film score composer|musician|singer|composer,myelodysplastic syndrome
Q536115,male,Albania|Kosovo,surgeon|politician,cerebral hemorrhage
Q536632,male,United States,military flight engineer|military officer|astronaut,myelodysplastic syndrome
Q544364,male,Kingdom of the Netherlands,futsal player|association football coach|association football player,cerebral hemorrhage
Q5383,male,United Kingdom,saxophonist|occultist|manufacturer|film actor|art collector|librettist|visual artist|vocalist|film producer|songwriter|painter|music video director|bandleader|guitarist|singer-songwriter|musician|pianist|mime artist|record producer|singer|composer|actor,liver cancer
Q528421,female,France|Argentina,producer|essayist|director|film director|filmmaker|cinematographer|writer|screenwriter,COVID-19
Q530205,male,Philippines,Catholic priest|Catholic bishop,COVID-19
Q532632,male,Venezuela,philosopher|Catholic priest|Catholic bishop,COVID-19
Q540134,male,United States,film actor|guitarist|singer|actor,COVID-19
Q542323,male,Spain,sport cyclist,falling from height
Q546817,male,Brazil,Catholic priest|Catholic bishop,COVID-19
Q551521,male,Italy|Kingdom of Italy,financier|criminal|journalist|banker|entrepreneur|politician|poet,respiratory failure
Q553704,male,United States,film actor|television actor|dancer|model|voice actor|child actor|actor,sudden unexpected death in epilepsy
Q53939,female,France,songwriter|singer-songwriter|astrologer|singer|writer|actor,laryngeal cancer|pharyngeal cancer
Q550653,male,United States,television actor|film actor|stage actor,lymphoma
Q525772,male,United Kingdom,songwriter|bassist|musician,death from AIDS-related complications
Q537783,male,United Kingdom,association football player|association football coach,brain cancer
Q5536647,male,United Kingdom|Greece,association football player,drowning
Q5402192,female,United States,painter|artist,heart failure
Q527320,male,United Kingdom,cellist|bassist|guitarist|musician|singer|composer,pancreatic cancer
Q531273,male,United States,scholar of English|essayist|school teacher|educator|professor|poet|writer,pancreatic cancer
Q5240703,male,United Kingdom of Great Britain and Ireland|United Kingdom|Australia,ecologist|environmentalist|botanist|botanical collector,lethal injection
Q5485673,male,United States,television personality|lawyer|teacher|judge,pancreatic cancer
Q550930,male,Sweden,association football player,esophageal cancer
Q5518822,male,United States,comedian|actor,multiple organ dysfunction syndrome
Q547747,male,South Africa,athletics competitor,gunshot wound
Q54670295,female,Palestine,medic|paramedic|nurse,gunshot wound
Q547122,male,United Kingdom,Catholic bishop|Catholic priest,falling from height
Q54827536,male,United States|United Kingdom,actor,motorcycle accident
Q546904,male,Brazil,university teacher|theologian|Catholic bishop|Catholic priest,COVID-19
Q523055,male,Czechoslovakia,association football player,
Q523442,male,France,film actor|director|television actor|stage actor|musician|singer|actor,
Q524344,male,United Kingdom,autobiographer|physical education teacher|association football player|association football coach,
Q525318,male,United States,film producer|film director|singer|actor,
Q526401,female,France,mathematician|physicist,
Q526431,female,Sweden,film director|playwright|writer|screenwriter,
Q526743,male,Spain,aristocrat,
Q528691,female,United Kingdom,film actor|model|actor,
Q528826,male,Ireland,short story writer|novelist|sculptor|playwright|translator|poet|writer|screenwriter,
Q529098,male,Italy,sport cyclist|television presenter|sporting director,
Q529203,male,France,fashion designer|grand couturier|postage stamp designer,
Q529309,male,Russia|Soviet Union,opinion journalist|novelist|short story writer|journalist|public figure|politician|writer,
Q529479,male,Slovakia|Czechoslovakia,athlete|association football player|association football coach,
Q531777,male,Italy,sport cyclist|sporting director,
Q531955,male,France,fencer,
Q532442,male,United Kingdom,association football player,
Q532882,male,Egypt|Republic of Egypt|Kingdom of Egypt|United Arab Republic,Catholic priest|Catholic bishop,
Q533153,male,Libya,diplomat|politician,
Q534436,female,United States,film actor|actor,
Q534961,male,France,politician|writer,
Q535546,male,Italy,university teacher|theologian|pedagogue|dean|Catholic priest|Catholic bishop|archbishop,
Q536628,male,New Zealand,Catholic priest|Catholic bishop,
Q537083,male,United Kingdom,musician|conductor,
Q537251,male,Russia,university teacher|jurist|economist|politician,
Q538068,female,United States|Austria,germanist|literary scholar|literary critic|man of letters|university teacher|writer,
Q53424,female,United States,tennis player|badminton player,
Q53562,female,United States,tennis player,
Q53564,female,United States,autobiographer|tennis player,
Q53721,male,Sweden,politician,
Q53733,male,Sweden,diplomat|politician,
Q54549,male,United States,tennis player,
Q54577,male,United States,tennis player,
Q54583,male,United States,tennis player,
Q54671,male,Australia,tennis coach|tennis player|sports commentator,
Q54686,male,United States,tennis player|basketball player|sports commentator,
Q55369,male,Poland,theatrologist|film actor|director|theatre director|film director|drama teacher|university teacher|stage actor|pedagogue|actor|screenwriter|writer,
Q55406,male,India|British Raj,documentarian|film screenwriter|director|film producer|film director|politician|screenwriter,
Q538219,male,Russia|Soviet Union,music educator|university teacher|violinist|conductor,
Q538578,male,United Kingdom,film producer|director|film director|screenwriter,
Q538719,female,India,opinion journalist|novelist|journalist|filmmaker|writer,
Q539582,female,France,film actor,
Q539685,male,United Kingdom|United Kingdom of Great Britain and Ireland,director|film director|television director,
Q539765,female,India,costume designer,
Q539817,male,Spain,Latin Catholic monk|master builder|bricklayer|farmer,
Q539911,male,United Kingdom,jazz musician|guitarist|singer-songwriter|singer,
Q539908,female,Poland,film actor|stage actor|actor,
Q539971,female,Kosovo|Socialist Federal Republic of Yugoslavia,opera singer|actor,
Q539990,male,India,theologian|Catholic bishop|Catholic priest,
Q540665,female,United States|France,lithographer|model|art critic|painter|illustrator|writer,
Q541218,male,Bolivia,Catholic bishop|Catholic priest,
Q542057,male,Armenia|Soviet Union,artistic gymnast,
Q542816,male,United States|France,television actor|film actor|actor|screenwriter,
Q542886,male,Kingdom of Denmark,jazz guitarist|performing artist|guitarist|musician|singer,
Q543124,male,United Kingdom,film editor|director|film director|television director,
Q543600,male,Italy|Kingdom of Italy,university teacher|theologian|Catholic bishop|Catholic priest,
Q543798,male,Finland,linguist|translator|playwright|poet|writer|screenwriter,
Q544141,male,Niger,minister|politician,
Q544618,male,United States,television actor|film actor|voice actor|journalist|actor,
Q551377,male,United States,historian|translator|poet|writer|iranologist|ontologist|cultural studies scholar|theorist|essayist|philosopher,
Q551429,male,France,film screenwriter|television actor|film director|film actor|director|lyricist|playwright|translator|writer|actor,
Q551512,male,France,film screenwriter|French resistance fighter|documentarian|film director|director|film producer|journalist|writer|screenwriter,
Q551665,male,Czech Republic|Czechoslovakia,communist|electromechanic|politician,
Q551671,male,United States,vexillologist|university teacher|graphic designer,
Q553397,male,Hungary,non-fiction writer|chess player,
Q553413,male,United States,musician|singer,
Q553937,male,Germany,javelin thrower,
Q554131,male,South Africa,minister|politician,
Q5239250,male,Romania,rower,
Q5240675,male,Solomon Islands,bishop,
Q5241284,female,Azerbaijan|Soviet Union,journalist|physician|politician,
Q5246375,male,India|British Raj,writer,
Q5276303,male,Bulgaria,Eastern Orthodox priest|university teacher|bishop,
Q5293976,male,Canada,rower,
Q5300871,male,Canada,judoka,
Q5332152,female,Romania,coxswain,
Q5362570,female,Zimbabwe,field hockey player,
Q5431220,female,United States,quiltmaker|performance artist|textile artist|visual artist|painter|illustrator|sculptor|writer,
Q5437755,female,India|British Raj|Dominion of India,judge,
Q55301634,,,,
Q52659,male,New Zealand,middle-distance runner|athletics competitor,
Q53001,male,France|Switzerland,film director,
Q53028,male,Italy,film screenwriter|producer|film director|politician|actor|screenwriter,
Q53039,female,Italy,director|film director|lyricist|playwright|screenwriter,
Q53050,male,Italy|Kingdom of Italy,director|theatre director|journalist|film director|screenwriter,
Q53048,male,Italy,film director|screenwriter,
Q53420,male,United States|Brazil,tennis player|entrepreneur,
Q545569,male,Russia,biophysicist|human rights defender|politician,
Q545866,male,Jamaica,sprinter,
Q546137,male,Brazil,Catholic priest|Catholic bishop,
Q546328,male,Hungary,Catholic priest|Catholic bishop,
Q546694,male,Ukraine,politician,
Q546787,male,Mozambique,Catholic priest|Catholic bishop,
Q546807,male,Chile,philosopher|Catholic priest|Catholic bishop,
Q546828,male,United States,Catholic priest|Catholic bishop,
Q546891,male,Spain,theologian|Catholic priest|Catholic bishop,
Q547061,male,Poland,Catholic theologian|university teacher|lecturer|Catholic bishop|preacher|Catholic priest,
Q547183,male,United Kingdom,guitarist|songwriter|musician|pianist,
Q547240,male,United States|Kingdom of the Netherlands,university teacher|astronomer,
Q547309,female,Hungary|United States|Romania,non-fiction writer|adult educator|writer,
Q547339,male,United States,long-distance runner|athletics competitor,
Q547525,male,France,French resistance fighter|jurist|diplomat|lawyer|politician,
Q548054,male,Peru,music educator|opera singer,
Q548112,female,Austria,film actor|television actor|voice actor|stage actor,
Q548185,male,United States|Israel,aerospace engineer|military flight engineer|opinion journalist|university teacher|engineer|diplomat|entrepreneur|politician|writer|scientist,
Q548336,male,Slovakia|Czechoslovakia,Catholic bishop|Catholic priest|writer,
Q548992,male,Colombia,serial rapist|serial killer,
Q549899,male,United States,basketball coach|basketball player,
Q550144,male,Germany,association football player,
Q550629,male,United States,peace activist|political activist|presidential candidate|economist|politician,
Q551331,male,Serbia,chess player,
Q587102,male,United States,film actor|film editor|television actor|film director|cinematographer|screenwriter,Parkinson's disease
Q58156,male,Saudi Arabia,diplomat|politician,Parkinson's disease
Q57213,male,Germany,jazz musician|music arranger|bandleader|film score composer|musician|pianist|singer-songwriter|singer|record producer|conductor|composer|actor,disease
Q57424,male,Guinea-Bissau,civil engineer|politician,disease
Q57981,male,Germany|German Democratic Republic,opera singer|singer|conductor|composer,disease
Q586857,male,United States,film actor|television actor|director|film producer|film director|stage actor|actor,myocardial infarction
Q5921,male,United States,restaurateur|guitarist|singer-songwriter|singer|composer,myocardial infarction
Q55924,male,Poland,university teacher|economist|politician,cancer
Q555240,male,Australia,poker player|cricketer,myocardial infarction
Q558761,male,Indonesia,badminton player|Olympic competitor,myocardial infarction
Q560552,male,United States|United Kingdom,orderly|television actor|film actor|actor,myocardial infarction
Q562189,male,South Korea,Olympic competitor|badminton coach|badminton player,myocardial infarction
Q562257,male,United States,television actor|film actor|film director|actor|screenwriter,myocardial infarction
Q578031,male,United States,prose writer|science fiction writer|essayist|novelist|journalist|political scientist|writer,myocardial infarction
Q580283,male,United Kingdom,association football player|association football coach,Alzheimer's disease
Q556623,male,Greece,taekwondo athlete,cancer
Q560953,male,Cuba,guitarist|singer-songwriter|singer|poet,cancer
Q562188,male,Germany|German Democratic Republic,association football player|association football coach,cancer
Q558416,male,United States,lobbyist|science fiction writer|novelist|theologian|pastor|writer|screenwriter,stroke
Q559783,male,Belgium|France,video game designer|comics writer|director|visual artist|video game writer|cartoonist|comics artist|writer,disease
Q559914,male,Iraq,presbyter,disease
Q576320,male,Germany,track and field coach|bobsledder|representative|athletics competitor|association football coach,disease
Q555190,male,Italy,film actor|television actor|stage actor|actor,leukemia
Q559074,male,United States,television actor|film actor|voice actor|comedian|writer|screenwriter,leukemia
Q582996,male,United States,film actor|television actor|actor,leukemia
Q596334,male,Nepal,mountaineer,stroke
Q57241,male,Germany|German Democratic Republic,economist|politician,stroke
Q57445,male,Germany|German Democratic Republic,journalist|politician,stroke
Q57459,male,Germany,Formula One driver,stroke
Q58760,male,Germany,jazz musician|singer,stroke
Q598416,male,United States,restaurateur|basketball coach|basketball player|actor,pneumonia
Q56129924,male,United States,rapper|artist|record producer|actor,pneumonia
Q561852,male,United States,baseball player,heart failure
Q559819,male,United States,guitarist|musician|record producer|singer-songwriter|singer|actor,stomach cancer
Q556731,male,Kingdom of the Netherlands,association football player,amyotrophic lateral sclerosis
Q583814,male,Argentina,literary critic|journalist|writer|screenwriter,amyotrophic lateral sclerosis
Q560969,male,Brazil,jazz musician|saxophonist|jazz guitarist|multi-instrumentalist|guitarist|pianist|singer|composer,pulmonary fibrosis
Q571148,female,Japan,child actor|seiyū|actor,breast cancer
Q561596,male,United Kingdom|South Africa,dancer|anthropologist|guitarist|musician|singer-songwriter,pancreatic cancer
Q58284,male,Germany,politician|lawyer|writer,acute myeloid leukemia
Q593198,male,Rwanda,military personnel|politician,cardiac arrest
Q5576440,male,Canada|Taiwan,film actor|model|television actor|actor,cardiac arrest
Q57308,male,Algeria,revolutionary|diplomat|politician,cardiac arrest
Q57343,male,Burundi,minister|politician|president,cardiac arrest|COVID-19
Q59630,male,Canada,professional wrestler|boxer|film actor|judoka|actor,cardiac arrest
Q557801,male,United States,criminal|serial killer|gangster,lynching|blunt trauma
Q560040,male,United Kingdom,keyboardist|songwriter|pianist|musician|singer-songwriter|singer,multiple myeloma
Q588259,male,Sweden,blogger|statistician|university teacher|physician|scientist,pancreatic cancer
Q593118,male,United States|Soviet Union,manufacturer|film director|film actor|television actor|film producer|entrepreneur|actor|screenwriter,pancreatic cancer|multiple myeloma
Q561892,male,Kingdom of the Netherlands,painter|sculptor|photographer,lymphoma
Q57331,male,Oman|Muscat and Oman,sovereign,colorectal cancer
Q57762,male,Zimbabwe|Southern Rhodesia|Zimbabwe Rhodesia|Rhodesia|Federation of Rhodesia and Nyasaland,trade unionist|minister|human rights defender|politician,colorectal cancer
Q591421,male,United States,film actor|television actor|singer|actor,lung cancer
Q57298,male,Saudi Arabia,politician,lung cancer
Q57313,male,Angola,minister|politician|engineer,heart failure
Q57532,male,Trinidad and Tobago,chemical engineer|university teacher|politician|engineer,heart failure
Q59129,male,United States,director|film producer|film director|screenwriter,heart failure
Q5946269,female,Iran|Pahlavi Iran,politician,COVID-19
Q55998474,female,Spain|France,sociologist|political scientist,COVID-19
Q57973856,male,Eswatini,chief executive officer|politician,COVID-19
Q57350,male,Chad,politician|military personnel,shot to the head
Q57446,male,India,autobiographer|politician,COVID-19
Q55974539,female,Ukraine,activist|human rights defender|politician,multiple organ dysfunction syndrome|chemical burn
Q57306,male,Iraq,jurist|politician|lawyer,cerebral hemorrhage
Q57410,male,Israel|Mandatory Palestine|Second Polish Republic,minister|politician|poet|writer,cerebral hemorrhage
Q57558,male,Uzbekistan|Soviet Union,statesperson|politician,cerebral hemorrhage
Q556815,male,United Kingdom,science fiction writer|children's writer|poet lawyer|writer|screenwriter,bladder cancer
Q561142,male,United Kingdom,autobiographer|dub poet|musician|singer|poet|actor|writer,brain tumor
Q55757694,female,Japan,professional wrestler,Ingestion of hydrogen sulfide
Q55547400,male,Ecuador,trade unionist|journalist|politician,gunshot wound
Q57543,male,Nauru,weightlifter|politician,nasopharynx carcinoma
Q59920,female,Russia|Soviet Union,freediver|swimmer,drowning
Q597433,male,United States,film actor|television actor|bassist|songwriter|guitarist|pianist|singer-songwriter|singer|screenwriter,adenoid cystic carcinoma
Q57342,male,El Salvador|Nicaragua,journalist|politician,falling
Q57334,male,Cyprus,politician,respiratory failure
Q554560,male,Canada,poker player|manager|talent manager|record producer|entrepreneur|singer|writer|composer|actor,esophageal cancer
Q556143,male,Japan|Empire of Japan,university teacher|mathematician,senility
Q594329,male,United States,television actor|comedian|writer|actor|screenwriter,non-Hodgkin lymphoma
Q57689,male,Ireland,politician,amyloidosis
Q591915,male,United States,professional wrestler,idiopathic pulmonary fibrosis
Q5679009,male,Lebanon,military leader|ulema|politician,airstrike
Q556620,male,Ireland,association football coach|association football player,vascular dementia
Q559672,male,Madagascar,surgeon|politician,cerebral hemorrhage
Q580092,male,Peru,association football player|association football coach,neurodegeneration
Q555324,male,Kingdom of Denmark,short story writer|prose writer|opinion journalist|novelist|literary critic|film director|journalist|lyricist|playwright|writer|poet|screenwriter,liver disease
Q582729,male,France,political activist|shepherd,strangling
Q558837,male,Sweden,prose writer|novelist|film director|playwright|poet|writer|screenwriter,COVID-19
Q573600,male,United States,basketball player,congestive heart failure
Q557058,male,United States,military officer|engineer|astronaut,bone cancer
Q564905,male,United Kingdom,university teacher|economist,bone cancer
Q558287,male,Turkey,politician|lawyer,
Q558505,male,United States,designer|sculptor|painter|graphic artist,
Q558573,male,United States,pole vaulter|politician,
Q558634,male,United States,American football player|athletics competitor|sprinter,
Q558647,male,New Zealand,diplomat|politician,
Q558745,male,Austria,association football player|association football coach,
Q559898,male,Sri Lanka,politician,
Q560360,male,Russia|Kazakhstan|Soviet Union,aircraft pilot|engineer|astronaut,
Q560421,male,United States,boxer|actor,
Q560427,male,United States,politician|lawyer,
Q560447,male,United States,entrepreneur|politician|businessperson,
Q560847,male,United States,cryptographer|philanthropist|university teacher|financier|financial adviser|mathematician|businessperson|scientist,
Q560895,male,Haiti,diplomat|politician,
Q561116,male,Italy,prose writer|science fiction writer|novelist|film director|journalist|poet|writer|screenwriter,
Q561124,male,France,producer|audiobook narrator|film actor|film producer|film director|stage actor|actor|screenwriter,
Q561186,male,Kingdom of the Netherlands,autobiographer|university teacher|playwright|historian|economist|politician|writer,
Q561320,male,France,pianist,
Q561338,male,Papua New Guinea,politician,
Q561494,male,South Africa,diplomat|minister|lawyer|politician,
Q561765,male,United States,puppeteer|voice actor|cartoonist|comedian|actor,
Q562097,male,Italy,lawyer|politician,
Q562108,male,Kingdom of Denmark,autobiographer|documentarian|film director|television presenter|journalist|poet|writer|screenwriter,
Q562371,male,Soviet Union,spy|intelligence officer|double agent|journalist|diplomat|writer,
Q562453,male,South Korea,archer,
Q562952,male,United Kingdom|Australia,linguist|philosopher|pedagogue|university teacher,
Q59215,male,United States,stage actor|actor|film actor|television actor|film producer|film director|voice actor|executive producer,
Q587416,male,Japan|Empire of Japan,engineer|computer scientist,
Q588120,male,United States,cardiologist|inventor,
Q588551,male,United States,recording artist|jazz musician|musician|singer-songwriter|singer,
Q588959,male,Bulgaria,politician|writer|screenwriter,
Q591205,male,United States,film actor|television actor|voice actor|film producer|pharmacist|actor|screenwriter,
Q591407,male,People's Republic of China|Qing dynasty|Republic of China,linguist|university teacher|Esperantist|banker|translator|economist,
Q593327,male,Kingdom of the Netherlands,association football player,
Q593378,male,Hungary,association football coach|association football player,
Q594368,male,Italy,visual artist|jewelry designer|university teacher|sculptor|illustrator|architect,
Q594863,male,Slovakia|Czechoslovakia,athlete|sport cyclist,
Q594956,male,Croatia,recording artist|musician|lyricist|film score composer|translator|singer-songwriter|singer|poet|composer|writer|actor,
Q595586,male,Italy|Kingdom of Italy,Catholic priest,
Q596008,male,United States,politician,
Q596590,male,Canada|United States,university teacher|mathematician|scientist,
Q598877,male,Honduras,association football player,
Q599232,male,Serbia|Yugoslavia,association football coach|association football player,
Q599483,male,France,film screenwriter|film director|actor|screenwriter,
Q5549244,male,United States,autobiographer|journalist,
Q5571456,female,United States|Philippines,comedian|actor,
Q5590971,female,Nigeria,vice-chancellor|university teacher|mathematician,
Q5658346,female,Chile,science communicator|botanist|biologist,
Q57076990,female,Bulgaria,journalist|television presenter,
Q58238268,female,Germany,publisher|graphic artist|painter,
Q55772,male,Poland,theologian|Catholic bishop|Catholic priest,
Q55927,male,Poland,trade unionist|opinion journalist|jurist|politician|lawyer|writer,
Q554375,male,Democratic Republic of the Congo,Catholic bishop|Catholic priest,
Q554422,male,Canada,recording artist|saxophonist|instrumentalist|pianist|musician|composer,
Q554430,male,Italy|Kingdom of Italy,film actor|film director|actor,
Q554966,male,Australia,ecologist|environmentalist|anthropologist|biologist|psychologist|farmer|naturalist,
Q555246,male,Canada|United States|United Kingdom,television actor|radio personality|voice actor|film director|television presenter|comedian|actor|screenwriter,
Q555379,male,Italy|Kingdom of Italy,film actor|stage actor|actor,
Q555933,male,Australia,drummer|musician,
Q556032,male,United Kingdom,songwriter|record producer|audio engineer,
Q556053,male,Hungary,fencer,
Q556898,male,United Kingdom,association football coach|association football player,
Q557268,male,Canada,film actor|television actor|stage actor,
Q557774,male,Mexico,essayist|caricaturist|novelist|journalist|painter|playwright|diplomat|economist|writer|poet,
Q557910,male,United States,basketball coach|basketball player,
Q558085,male,Ireland|France,designer|children's writer|caricaturist|postage stamp designer|graphic artist|cartoonist|illustrator|writer|photographer,
Q558114,male,France,essayist|literary critic|university teacher|historian,
Q558252,male,Philippines,short story writer|novelist|journalist|writer,
Q56009,female,Italy,actor,
Q56174,female,United States,university teacher|chemist,
Q57120,male,Germany,researcher|university teacher|physicist|teacher,
Q57229,male,Germany|German Democratic Republic,aircraft pilot|airman|fighter pilot|printer|astronaut,
Q57291,male,Kenya,economist|minister|politician,
Q57303,male,Greece,legal counselor|diplomat|jurist|politician,
Q57383,male,Ethiopia,economist|politician|military personnel,
Q57387,male,Germany|Bavaria|West Germany,novelist|journalist|playwright|writer|screenwriter,
Q57447,male,Germany,political scientist|politician,
Q57484,female,Germany|German Democratic Republic,javelin thrower|athletics competitor|politician,
Q57526,male,Albania,jurist|politician,
Q57545,male,Mauritius,politician,
Q57555,male,Kuwait,military commander|monarch|diplomat|politician,
Q57667,male,Suriname|Kingdom of the Netherlands,politician|military personnel,
Q57715,male,Eswatini,accountant|politician,
Q57894,male,Kuwait,politician,
Q58005,male,Germany,non-fiction writer|soldier|apothecary|veteran|pharmacist|military personnel,
Q58039,male,Germany,theatre manager|conductor,
Q58195,male,Switzerland|Czech Republic,foreign minister|diplomat|politician|entrepreneur,
Q58292,male,India,politician|lawyer,
Q58853,male,Germany,philosopher|university teacher,
Q59085,male,United States,film screenwriter|director|film director|writer|screenwriter,
Q563295,male,Germany,athletics competitor|singer,
Q563442,male,Italy|Croatia|Yugoslavia,literary historian|essayist|scholar of French literature|opinion journalist|university teacher|translator|writer,
Q563765,female,Romania,,
Q563810,male,Germany,rower,
Q565080,male,Germany|West Germany,athletics competitor|sprinter,
Q568506,male,Sweden,writer|photographer|scientist,
Q569824,male,France,fashion photographer|gallerist|war photographer|film actor|director|film director|film producer|sculptor|painter|actor|photographer|screenwriter,
Q570709,male,Hungary,water polo player|military officer|coach,
Q572177,male,United States,figure skater|film actor|television actor|actor,
Q573228,male,Italy|Kingdom of Italy,theologian|Catholic priest|Catholic bishop|diplomat,
Q573769,male,Germany,rower,
Q573861,male,Italy|Kingdom of Italy,rabbi,
Q574007,male,Malaysia|Republic of the Congo,Catholic priest|Catholic bishop,
Q575610,male,United Kingdom,biographer|historian|military personnel|writer|screenwriter,
Q575795,male,United States,film actor|television actor|voice actor|film producer|painter|musician|comedian|actor|screenwriter,
Q576914,male,United Kingdom,association football player,
Q579100,male,United States,film actor|television actor|voice actor|film producer|actor,
Q579278,male,Spain,association football player,
Q580040,female,Argentina,beauty pageant contestant|model,
Q582831,male,Russia|Soviet Union,basketball player|basketball coach,
Q585392,male,United Kingdom|United Kingdom of Great Britain and Ireland,association football player|association football coach,
Q625966,male,United States,model|pornographic actor|actor,traffic collision
Q627391,female,Argentina,beauty pageant contestant|model,traffic collision
Q66127,male,Germany|German Democratic Republic,politician,cancer
Q616023,male,Argentina,association football player|association football coach,cancer
Q616049,male,United States,motivational speaker|basketball player,cancer
Q641874,male,Italy|Kingdom of Italy,Catholic bishop|university teacher|Catholic priest,cancer
Q642826,male,Mauritania,minister|politician,cancer
Q654935,male,Kingdom of Denmark,association football player,cancer
Q657352,male,United Kingdom,association football player,cancer
Q665144,male,United States,novelist|poet|screenwriter|writer,cancer
Q62894,male,United States,computer scientist|engineer,Parkinson's disease
Q64397,female,United States|Germany,novelist|women's rights activist|essayist|sexologist|historian,Parkinson's disease|corticobasal degeneration
Q646610,male,France,Catholic deacon|Catholic bishop|theologian|Catholic priest,Parkinson's disease
Q6535236,female,United Kingdom,novelist|writer|actor,cancer
Q62204,male,Germany|West Germany,track cyclist|sport cyclist|sporting director,cancer
Q61088,male,Germany,game designer|dental technician,disease
Q62353,female,Germany,film actor|stage actor|actor,disease
Q62970,male,Germany|German Democratic Republic,political scientist|politician|writer,disease
Q63062,male,Germany,film actor|television actor|stage actor|actor,disease
Q659962,male,United States,film actor|film producer|television actor|character actor|stage actor|military officer|actor,disease
Q623586,male,Turkey,photojournalist|journalist|photographer,myocardial infarction
Q642162,female,Russia|Soviet Union,film actor|stage actor|actor,myocardial infarction
Q648750,male,United States,brass player|jazz musician|trumpeter,myocardial infarction
Q659558,male,Brazil,pianist|singer|composer,myocardial infarction
Q6354355,female,India,autobiographer|actor,myocardial infarction
Q60811,male,Germany,holocaust denier|publisher,myocardial infarction
Q61250,male,Germany,politician|lawyer,myocardial infarction
Q62206,male,Germany,designer|journalist|industrial management assistant|television presenter|politician|writer,myocardial infarction
Q62492,male,Germany,aristocrat|entrepreneur,myocardial infarction
Q62890,male,United States,physicist|entrepreneur|computer scientist|engineer|businessperson,pneumonia
Q64400,male,Germany|German Democratic Republic,visual artist|poet|writer|screenwriter|actor,pneumonia
Q65048,male,Germany,jazz musician|drummer|composer,pneumonia
Q608657,male,United States,tennis player,pneumonia
Q653366,male,United States,LGBTQ rights activist|HIV/AIDS activist|producer|novelist|playwright|screenwriter,pneumonia
Q670779,male,Switzerland,motorcycle racer|entrepreneur,stroke
Q65101,male,Germany|German Democratic Republic,playwright|translator|poet|writer,stroke
Q61858,male,Germany,Formula One driver,dementia
Q61009,male,Germany,journalist|manager|jurist|politician,lung cancer
Q66248,male,Germany,essayist|novelist|journalist|playwright|writer,lung cancer
Q599628,male,Italy|Argentina,association football player|association football coach,lung cancer
Q609325,male,United Kingdom,keyboardist|guitarist|musician|pianist,lung cancer
Q60306,female,Italy|Germany|Kingdom of Italy,scenester|film actor|fashion designer|model|actor,hepatitis C
Q65023,female,Germany,film actor|model,breast cancer
Q6538,male,Germany|Free City of Danzig,essayist|printmaker|autobiographer|librettist|novelist|graphic artist|sculptor|painter|illustrator|lyricist|altar server|playwright|poet|photographer|screenwriter,infection
Q62252,male,Italy,association football player,amyotrophic lateral sclerosis
Q66408,female,Germany,autobiographer|film actor|television actor|model|stage actor|ballet dancer|child actor|entrepreneur|writer|actor,leukemia
Q62177,male,Germany|West Germany,show jumper|Olympic competitor|athlete,cardiac arrest
Q6626615,male,Palestine,military leader,airstrike
Q63219332,female,United Kingdom,essayist|journalist|writer,gunshot wound
Q66742521,male,Colombia,politician|lawyer,gunshot wound
Q64825271,male,United States,online streamer|YouTuber|Internet celebrity,drowning
Q65321,male,Germany,film screenwriter|director|film producer|film director|screenwriter,pancreatic cancer
Q6166387,male,United States,video game actor|linguist|television actor|film actor|stage actor|voice actor|translator|actor,COVID-19
Q6550228,female,Botswana,banker|economist,COVID-19
Q6557799,female,United States,film actor|stage actor|television actor|voice actor,traumatic brain injury
Q60108,male,United States|Germany|Nazi Germany,cell biologist|biochemist|biologist|university teacher|physician,prostate cancer
Q606557,male,United States|Germany,children's writer|illustrator|graphic designer|writer,kidney failure
Q606577,male,Indonesia,television actor|comedian|singer,meningitis
Q639345,male,United States,saxophonist|jazz musician|bandleader|conductor|clarinetist|composer,pulmonary emphysema
Q664862,female,United States,singer,pulmonary emphysema
Q67207065,male,Russia|Soviet Union,activist|ethnographer|philosopher|sociologist|university teacher,self-immolation
Q656456,male,Germany|German Democratic Republic,biathlon coach|biathlete,colorectal cancer
Q653918,male,United States,television actor|film actor|radio personality|voice actor|actor,liver cirrhosis
Q6631231,male,Thailand,polo player|businessperson|entrepreneur,helicopter crash
Q62714398,male,Russia,military personnel,missile strike
Q608170,female,Mexico,model|actor,liver cancer
Q66088,male,Germany,missionary|writer,surgical complications
Q631125,male,United Kingdom,association football player,cranial trauma
Q6036905,male,India,politician,surgical complications
Q652295,male,United States,jazz musician|singer|writer|actor,respiratory failure
Q669049,male,Japan|Empire of Japan,comics creator|lyricist|mangaka|writer,multiple organ dysfunction syndrome
Q6095720,male,India|British Raj|Dominion of India,politician|lawyer,multiple organ dysfunction syndrome
Q599657,male,United States,film producer|film director|screenwriter,mesothelioma
Q611481,male,United States,middle-distance runner,amyloidosis
Q606354,male,Hungary,artistic gymnast,COVID-19
Q607219,male,Italy,trade unionist|politician,COVID-19
Q61677,male,Germany,video game actor|film actor|television actor|model|film producer|voice actor,aviation accident
Q600393,male,United States,research assistant|politician|lawyer|judge,prostate cancer
Q66774,male,Germany,film actor|director|film producer|film director|cinematographer|actor|screenwriter,heart failure
Q611672,male,United States,essayist|novelist|opinion journalist|author|historian|businessperson|writer|screenwriter,heart failure
Q65600671,male,United States,model|actor,drug overdose
Q651376,male,Austria,university teacher|photojournalist|painter|professor|composer|writer|photographer|actor|collagist|experimental artist|installation artist|draftsperson|theatre designer|performance artist|artist|docent|visual artist|graphic artist,
Q651895,male,Georgia|Soviet Union,film producer|pedagogue|film director|drama teacher|filmmaker|politician|screenwriter,
Q653162,male,Tunisia,politician,
Q654082,male,Jordan|Palestine|Mandatory Palestine,poet,
Q654433,male,Namibia,diplomat|minister|politician,
Q656511,male,United States,geopolitical analyst|military officer|politician,
Q657942,male,Germany,association football player|association football coach,
Q658380,male,Kingdom of the Netherlands,track cyclist|sport cyclist,
Q659265,male,United States,geneticist|university teacher|biologist|mathematician,
Q661008,male,United States,prosecutor|politician|lawyer,
Q662366,male,Belgium|France,director|film director|writer,
Q665962,male,Brazil,Catholic deacon|Catholic bishop|Catholic priest|archbishop|priest|writer,
Q667671,male,Switzerland,lithographer|printmaker|postage stamp designer|graphic artist|sculptor|painter|illustrator|graphic designer|engraver,
Q668759,male,Spain|Mexico,film actor|television actor|stage actor|voice actor|actor,
Q669908,male,United Kingdom,philologist|musicologist|classical philologist|university teacher|translator,
Q669956,male,Italy,essayist|publisher|university teacher|editor|writer,
Q671147,male,Venezuela,activist|harpsichordist|university teacher|organist|economist|pianist|conductor|politician|composer,
Q6075068,male,United States,film actor|television actor|voice actor|actor,
Q6087410,female,Turkey,violinist,
Q6122272,male,India,film director|actor,
Q65619,female,Austria|Germany,journalist|biographer|historian|writer,
Q66107,male,United States|German Reich,autobiographer|war criminal|foreign minister|political scientist|pedagogue|diplomat|entrepreneur|politician|businessperson|writer,
Q66375,male,United States|Germany,non-fiction writer|university teacher|historian,
Q66632,male,Germany,university teacher|politician|writer,
Q67117,female,Germany,film actor|stage actor|actor,
Q599556,male,France,director|film director|poet|screenwriter,
Q601307,male,South Africa,novelist|film actor|theatre director|film director|journalist|stage actor|university teacher|playwright|writer|actor|screenwriter,
Q602665,male,Italy,association football player,
Q603390,male,Italy,journalist|university teacher|economist|diplomat|politician,
Q603669,male,France,association football player|association football coach,
Q604485,male,United Kingdom,film actor|television actor|stage actor|voice actor,
Q605194,male,Chile,philosopher|director|film director|diplomat|writer|screenwriter,
Q605924,male,United States,producer|director|theatre director|film director|theatrical producer|music director|entrepreneur,
Q607455,male,Italy,sport cyclist,
Q608358,male,Kenya,sprinter,
Q609391,male,Estonia|Soviet Union,sportsperson|speed skater,
Q610137,male,Hungary,water polo coach|water polo player|informant,
Q611767,male,Turkey,military commander,
Q614494,male,Russia,film actor|stage actor|actor,
Q616330,male,Poland,Olympic competitor|fencer|university teacher|architect,
Q617528,male,Brazil,association football player|association football coach,
Q617562,male,Croatia|Socialist Federal Republic of Yugoslavia|Kingdom of Yugoslavia,slavist|playwright|writer|screenwriter,
Q6136588,male,Brazil,association football player|association football coach,
Q6140482,male,Brazil,association football player|association football coach,
Q6148297,female,India,politician|actor,
Q6180563,female,United States,,
Q6209810,male,Sweden,dub actor|film actor|film director,
Q6299612,male,Spain,television actor|stage actor|film actor|political activist|actor,
Q6303462,female,United States,disability rights activist|civil servant,
Q6307262,male,United Kingdom,film actor|television actor|actor,
Q6312230,female,United Kingdom,film actor|actor,
Q6480386,female,India,painter|printer,
Q60026,male,Switzerland,theologian|university teacher|Catholic bishop|friar|Catholic priest,
Q60278,male,Germany|West Germany,theologian|university teacher,
Q60302,male,Germany,calligrapher|postage stamp designer|typographer|painter|university teacher|bookbinder|graphic designer|type designer|teacher|photographer|writer,
Q60412,male,Germany,philosopher|sociologist|university teacher,
Q60435,male,Germany,association football player,
Q60652,male,Romania,kayaker|canoeist,
Q60669,male,Germany,director|film director|cinematographer|screenwriter,
Q60764,male,Germany,discoverer of asteroids|astronomer,
Q60806,,,entertainer,
Q60820,male,Germany,opinion journalist|literary editor|playwright|writer|screenwriter,
Q61130,male,Germany,industrial designer|designer|university teacher|architect|engineer,
Q61128,male,Germany,documentarian|film screenwriter|film director|film producer|musician|television producer|screenwriter,
Q61159,male,Germany,Catholic theologian|Catholic bishop|Catholic priest,
Q61247,male,Germany,archaeologist|university teacher|Egyptologist,
Q61405,male,Germany,aircraft pilot|military personnel,
Q61410,male,Germany,opera singer,
Q61493,male,Germany,athletics competitor,
Q61505,female,Germany|German Democratic Republic,athletics competitor,
Q61624,female,Germany,alpine skier,
Q61880,male,Germany|Czechoslovakia,chess player,
Q61888,male,Germany,historian of religion|classical philologist|linguist|university teacher,
Q61901,male,Germany,theologian|university teacher|Latin Catholic priest,
Q61907,male,Germany,Catholic theologian|theologian|church musician|Catholic priest|musician|conductor|composer,
Q65515,female,Germany,politician|poet|writer|author,
Q64129,male,Qatar|Kingdom of Egypt|Republic of Egypt|United Arab Republic|Egypt,muhaddith|Islamic jurist|preacher|ulema|jurist|poet|writer|Islamic theologian,
Q64176,male,Germany,university teacher|jurist|politician,
Q64188,male,United States,university teacher|physicist,
Q64414,male,Germany,director|opera singer|university teacher|composer,
Q64412,male,Germany,civil engineer|university teacher|architect|writer,
Q64539,male,Germany,fashion photographer|film director|photographer,
Q64577,male,Germany|Nazi Germany|West Germany,novelist|film actor|film producer|biographer|writer|screenwriter|actor,
Q64915,male,Germany|German Democratic Republic|German Reich,resistance fighter|politician|military personnel,
Q64950,female,Germany,alpine skier,
Q65108,male,Germany,non-fiction writer|historian of Modern Age|secondary school teacher|philosopher|university teacher|pedagogue|historian|politician|scientist,
Q65196,male,Russia|Germany|Soviet Union,university teacher|physicist|mathematician,
Q61977,male,United States|Germany,songwriter|musician|conductor|composer,
Q62255,male,Italy|Kingdom of Italy,association football coach|association football player,
Q62309,male,Germany,philosopher|sociologist|university teacher,
Q62385,male,Germany,businessperson,
Q62437,male,Italy|Germany,manufacturer|talent manager|lyricist|singer-songwriter|singer|record producer|composer,
Q62539,female,Germany|Nazi Germany|Weimar Republic,activist|tailor|politician|secretary,
Q62547,male,Germany,film director|cinematographer|photographer,
Q62789,male,Germany,university teacher|urban planner|architect,
Q62889,male,Germany,university teacher|economist|politician,
Q63069,male,Germany,film director|director|film producer|cinematographer|screenwriter,
Q63303,male,Germany|German Democratic Republic,non-fiction writer|chess player,
Q63328,male,Germany,association football coach|association football player,
Q63338,male,Germany,philosopher|university teacher|writer,
Q63670,male,United States|Germany,autobiographer|cultural historian|university teacher|psychologist|historian|writer,
Q63920,male,Germany,American football player|association football player,
Q63997,male,United Kingdom|Germany|United Kingdom of Great Britain and Ireland,scenographer|production designer,
Q64043,male,Germany|German Democratic Republic,politician|writer|screenwriter,
Q620823,male,United States|Soviet Union,human rights defender|mathematician|poet|writer,
Q622814,male,United States|Russia|Soviet Union,draftsperson|graphic artist|sculptor,
Q628346,male,Kingdom of the Netherlands,collagist|draftsperson|designer|muralist|graphic artist|children's writer|visual artist|postage stamp designer|illustrator|graphic designer|animator|writer,
Q629960,male,Ukraine|Soviet Union,association football player|association football coach,
Q634725,male,Germany|German Democratic Republic,association football player,
Q636593,male,Japan|Empire of Japan,tarento|musical theatre actor|stage actor|conferencier|seiyū|teacher|actor,
Q636733,male,Lithuania|France,film actor|television actor|television presenter|actor|screenwriter,
Q641805,male,Kuwait,statesperson|military officer|politician|monarch,
Q642662,female,Italy,film actor,
Q644212,female,New Zealand,activist|university teacher|politician,
Q644837,male,United States,military flight engineer|military officer|engineer|astronaut,
Q645649,male,Hungary,association football player|association football coach,
Q646182,male,Somalia,minister|politician,
Q648270,male,Germany|German Democratic Republic,association football player,
Q649487,male,France,poet|writer,
Q69349,male,Germany,opinion journalist|manager|university teacher|television presenter|politician,Alzheimer's disease
Q684014,male,United States,philanthropist|businessperson|lawyer,Alzheimer's disease
Q687049,female,United States,television actor|film actor|model|stage actor,Alzheimer's disease
Q695762,male,Austria,alpine skier,multiple sclerosis
Q702625,male,France,French resistance fighter|war photographer|journalist|photojournalist|reporter|photographer,Alzheimer's disease
Q714191,male,United States,basketball player,cancer
Q6780492,female,United States,film actor|television actor|screenwriter|actor,cancer
Q704955,male,United States,drummer,cancer
Q708153,male,United States,film actor|television actor|film producer|university teacher|actor,Alzheimer's disease
Q708622,male,Canada,opera singer,Alzheimer's disease
Q70172,female,Germany,racing automobile driver|television presenter,cancer
Q698080,male,Kingdom of Denmark,autobiographer|journalist|diplomat|politician,cancer
Q703321,male,Canada,politician|engineer|astronaut,cancer
Q71127,male,United States,basketball player,Parkinson's disease
Q701284,male,Austria,foreign minister|diplomat|jurist|politician,Parkinson's disease
Q704688,male,Spain,association football player|association football coach,Parkinson's disease
Q70556,male,Germany|German Democratic Republic,athletics competitor,myocardial infarction
Q680368,male,United States,translator|poet|writer,myocardial infarction
Q697188,male,Italy|Kingdom of Italy,television actor|dub actor|film actor|television presenter|film director|stage actor|singer-songwriter|comedian|screenwriter,myocardial infarction
Q704154,male,United States,music educator|horn player|musicologist|jazz musician|university teacher|conductor|composer,leukemia
Q690304,male,Mexico,linguist|novelist|translator|diplomat|politician|writer,stroke|acute aphasia
Q703849,male,United States,psychotherapist|psychologist,stroke
Q705709,male,Belgium,sport cyclist,stroke
Q70532,male,United States|Germany,university teacher|physicist,disease
Q695094,male,Austria,association football player|association football coach,disease
Q699145,male,India|Dominion of India|British Raj,urban planner|architect,disease
Q702324,male,Germany|German Democratic Republic,association football player|association football coach,disease
Q708256,male,United Kingdom,film actor|television actor|theatre director|stage actor|actor|screenwriter,disease
Q708350,male,Italy|Kingdom of Italy,film actor|stage actor|film producer|actor|screenwriter,disease
Q712028,male,United States,Catholic bishop|Catholic priest,disease
Q712208,male,Australia,tennis player,disease
Q69562,male,Germany,professional photographer|video artist|conceptual artist|performance artist|director|university teacher|photojournalist|pedagogue|artist|photographer|actor|screenwriter,lymphoma
Q711197,male,United States,guitarist|musician|songwriter|singer,stroke
Q702326,male,People's Republic of China|British Hong Kong,film director|film producer|screenwriter,nasopharynx carcinoma
Q703668,male,United States,professional wrestler|softball player|actor,non-Hodgkin lymphoma
Q680258,male,Germany,association football player,liver cirrhosis
Q701515,male,Soviet Union|Kazakhstan,economist|diplomat|businessperson|politician,hanging to death
Q68050,male,Italy,association football player|politician,heart failure
Q703611,male,United States|Yugoslavia,production manager|film screenwriter|television actor|film actor|assistant director|film producer|production designer|film director|television producer|actor,heart failure
Q705958,male,Japan|United States|North Korea,soldier|actor,heart failure
Q707734,male,United Kingdom,film actor|television actor|actor,heart failure
Q6917853,male,Pakistan|Bangladesh|British Raj,politician,hanging to death
Q708118,male,Portugal,association football player,heart disease
Q696666,female,Taiwan|Republic of China,novelist|television producer|lyricist|songwriter|writer|screenwriter,charcoal-burning suicide
Q706417,male,United States,songwriter|musician|singer,cardiac arrest
Q710128,male,United States,surfer|television actor|aircraft pilot|film actor|film producer|actor,cardiac arrest
Q712045,male,United States,theologian|Catholic priest|Catholic bishop,cardiac arrest
Q702306,male,United States,competitive diver|combat medic|military officer|physician,pneumonia
Q679049,male,Italy,university teacher|editor-in-chief|architect,COVID-19
Q679377,male,Switzerland,bobsledder|athletics competitor,COVID-19
Q693875,male,United States,athletics competitor,COVID-19
Q699412,male,Austria|Croatia|Yugoslavia,association football player|association football national coach|association football coach,COVID-19
Q711538,male,Spain,journalist|psychiatrist|physician|writer,pancreatic cancer
Q715787,male,United States,lobbyist|political scientist|politician|businessperson,pancreatic cancer
Q709859,male,Turkey,recording artist|television actor|film actor|film director|lyricist|songwriter|singer|composer|actor|screenwriter,kidney failure|liver disease
Q715175,female,Canada,recording artist|model|film actor|singer|actor,kidney failure
Q7153247,male,United Kingdom,film actor|television actor|stage actor|actor,brain tumor
Q715571,male,United States,baseball player,drowning|aircraft crash
Q684370,male,United States,television actor|film actor|stage actor|playwright|actor,cardiac arrest
Q694081,male,Belgium,harmonicist|film actor|singer|composer,pancreatic cancer
Q696055,male,Italy|Kingdom of Italy,television actor|film actor|theatre director|stage actor,kidney failure
Q706518,male,United States,recording artist|autobiographer|film actor|songwriter|singer,lung cancer
Q707607,male,Brazil,jazz musician|percussionist|film score composer|songwriter|singer-songwriter|musician|singer|composer|actor,lung cancer
Q707647,male,United States,professional wrestler|manager,lung cancer
Q6956742,female,India|British Raj|Dominion of India,academic|poet|writer,lung cancer
Q707229,male,People's Republic of China|British Hong Kong,film actor|television actor|comedian|actor,liver cancer
Q706616,male,Italy,Formula One driver|racing automobile driver|motorcycle racer|engineer,myocardial infarction
Q715893,male,Montenegro,economist|political commissar|politician,myocardial infarction
Q715725,male,Japan,comics creator|illustrator|comics artist|mangaka,aortic dissection
Q6807571,female,United States|India,novelist|university teacher|poet|writer,endometrial cancer
Q712058,male,Cameroon,theologian|Catholic priest|Catholic bishop,COVID-19
Q715633,male,Ukraine|Soviet Union,politician,COVID-19
Q6833839,male,Ireland|United Kingdom,entrepreneur|businessperson,suffocation
Q6880732,male,Jordan,political activist|journalist|writer,assassination
Q70593695,female,Syria,dynamics / stress engineer|human rights defender|politician,assassination
Q712180,male,United States,television actor|blacksmith|bodyguard|comedian|actor,kidney disease
Q6812738,female,United States,politician|lawyer,gunshot wound
Q703464,male,Belgium,sport cyclist|sporting director,
Q703572,male,Ecuador,Catholic bishop|Catholic priest,
Q703999,male,Poland|Ukraine,philosopher|Catholic bishop|Catholic priest,
Q704175,male,Russia|Ukraine|Soviet Union,classical pianist|composer,
Q704516,male,Poland,science fiction writer|journalist|film director|dramaturge|writer|screenwriter,
Q704563,male,Soviet Union,athletics competitor,
Q704576,male,Spain,director|film producer|film director|screenwriter,
Q705225,male,France,conceptual artist|new media artist|multimedia artist|visual artist|filmmaker|sculptor|painter|illustrator|artist|photographer,
Q705314,male,Georgia|Soviet Union,athletics competitor|athlete,
Q706078,male,France,director of studies|anthropologist|university teacher|ethnologist,
Q706256,male,Finland,javelin thrower|athletics competitor,
Q706658,male,Norway,young adult author|children's writer|novelist|playwright|writer,
Q706668,male,United Kingdom|Union of South Africa,novelist|stage actor|film producer|playwright|writer|screenwriter,
Q706995,male,Russia|Soviet Union,film score composer|composer,
Q707005,male,Russia,statesperson|politician,
Q707231,male,France,exegete|university teacher|theologian|Catholic priest|priest,
Q707626,male,United States,military officer|physicist|priest|astronaut,
Q707796,male,United Kingdom,science fiction writer|novelist|writer|screenwriter,
Q707954,male,Spain,Opus Dei priest|Latin Catholic priest|Catholic bishop|jurist|lawyer,
Q708073,male,United States|Socialist Federal Republic of Yugoslavia,professional wrestler,
Q708241,male,United States,university teacher|prosecutor|politician|lawyer|judge,
Q708472,male,United States,researcher|physicist,
Q708631,male,France,tapestry weaver|copper engraver|theatre designer|printmaker|etcher|ceramicist|graphic artist|painter|sculptor|illustrator,
Q699736,male,United States|Soviet Union,collagist|video artist|conceptual artist|installation artist|watercolorist|draftsperson|printmaker|designer|visual artist|painter|sculptor|artist|illustrator|photographer,
Q700338,male,Austria,association football player|association football coach,
Q700555,male,Russia|Soviet Union,film screenwriter|short story writer|prose writer|writer|screenwriter,
Q700600,male,Austria|Bosnia and Herzegovina,theatre critic|essayist|editing staff|university teacher|dramaturge|playwright|teacher|writer,
Q701358,male,Georgia|Soviet Union,linguist|Hittitologist|university teacher|politician,
Q702406,male,Germany,association football player|association football coach,
Q702741,male,France,draftsperson|caricaturist|comics artist|screenwriter,
Q703216,female,People's Republic of China|British Hong Kong,recording artist|dancer|film actor|voice actor|musician|singer-songwriter|singer|record producer|composer|actor,
Q703450,male,Poland|Israel,prose writer|children's writer|translator|writer|screenwriter,
Q708795,male,United States,peace activist|politician|lawyer,
Q708853,male,Canada|Argentina,epistemologist|sociologist|essayist|critic|philosopher|university teacher|translator|physicist|writer,
Q709041,male,United Kingdom,association football player|association football coach,
Q709114,male,Italy|France,association football player,
Q709377,male,People's Republic of China,association football player,
Q709578,male,Estonia|Soviet Union,high jumper|athletics competitor,
Q709734,male,São Tomé and Príncipe,politician,
Q709810,male,Canada,recording artist|jazz musician|film score composer|pianist,
Q710142,male,United Kingdom,autobiographer|television actor|film actor|film producer|stage actor|voice actor|writer|actor,
Q710296,male,Georgia,weightlifter|athlete,
Q710689,male,Luxembourg,association football player|association football coach,
Q710920,male,Russia|Soviet Union,human rights defender|university teacher|dissident|mathematician,
Q711066,male,United States,peace activist|university teacher|psychiatrist|historian|writer,
Q711142,male,Argentina,comics artist|writer,
Q711237,male,United States|British Raj|India,statistician|university teacher|economist|mathematician,
Q711314,male,United States,jazz musician|saxophonist|music arranger|songwriter|chapelmaster|composer,
Q711402,male,United States,athletics competitor|sprinter,
Q711420,male,United States|France,film screenwriter|film director|actor,
Q711531,male,Italy,Catholic bishop|Catholic priest,
Q712013,male,Hungary,classical pianist|piano teacher|university teacher|pianist,
Q683378,male,United States,illustrator|sculptor|architect|photographer|printmaker|draftsperson|conceptual artist|video artist|installation artist|painter,
Q685385,male,France|Morocco,association football player,
Q685709,male,United States,television actor|film actor|film producer|actor,
Q686284,male,Switzerland,association football player|association football coach,
Q687524,male,Slovakia|Czechoslovakia,association football player,
Q688336,male,Switzerland,film producer|film director|screenwriter,
Q688944,male,Austria,association football player|association football coach,
Q689235,male,Hungary,water polo player,
Q691209,male,Hungary,sports official|association football player|association football coach,
Q691471,male,Ukraine|Soviet Union|Second Polish Republic,literary critic|university teacher|journalist|translator|diplomat|politician|poet|screenwriter,
Q692973,male,Sweden,athletics competitor,
Q694726,male,Israel,visual artist|sculptor|painter|architect,
Q694971,male,Lithuania|Soviet Union,film actor|stage actor|actor,
Q695260,male,Germany,association football player,
Q695717,male,Austria,pianist|composer,
Q695770,male,Israel,university teacher|historian|writer,
Q696306,female,Italy,film actor|film producer|singer|screenwriter,
Q696952,male,Jordan,politician,
Q697159,male,Italy|Kingdom of Italy,Catholic priest|Catholic bishop,
Q698436,male,United States,video artist|conceptual artist|gallerist|essayist|printmaker|performance artist|visual artist|art critic|journalist|painter|exhibition curator|sculptor|architect|photographer,
Q699396,male,Austria,university teacher|jurist|politician,
Q699702,male,United States|Lithuania,film director|opinion journalist|artist|poet|screenwriter,
Q712039,male,Italy|Kingdom of Italy,university teacher|theologian|Catholic bishop|Catholic priest,
Q712053,male,Ireland,university teacher|theologian|Catholic priest|Catholic bishop,
Q712105,male,Kingdom of the Netherlands,diplomat|politician|lawyer,
Q712620,male,United States,juggler|researcher|university teacher|mathematician|computer scientist,
Q712690,male,Saudi Arabia,ambassador|entrepreneur|politician,
Q712882,male,Lebanon,critic|journalist|university teacher|editing staff|playwright|writer,
Q712989,male,Norway|United States,freestyle skier|alpine skier|businessperson,
Q713009,male,United Kingdom,snooker player,
Q713235,male,France,magistrate|political scientist|politician|judge,
Q713409,male,France,film director|director|screenwriter,
Q713647,male,Serbia|Socialist Federal Republic of Yugoslavia,linguist|translator|poet|writer,
Q713829,male,United States,rock musician|guitarist|bandleader|songwriter|musician|singer-songwriter|pianist|record producer|singer|conductor|composer,
Q714483,male,United States,explorer|naval officer|oceanographer,
Q714552,male,Russia,politician|engineer,
Q714774,male,France,politician,
Q715105,male,Uruguay,association football player,
Q715119,male,El Salvador,politician|military personnel,
Q715173,male,Australia,tennis player,
Q715326,male,Poland,fencer|lawyer,
Q715505,male,United States,science fiction writer|novelist|journalist|writer,
Q715511,male,United States,American football player,
Q715668,male,Spain,association football player,
Q6820954,male,South Korea,film actor|television actor|model|actor,
Q6835591,female,United States|Sierra Leone,autobiographer|ballet dancer,
Q6889310,male,Mali,minister|politician,
Q6893331,male,India,field hockey player,
Q6895686,female,Nigeria,activist|academic|writer,
Q7095172,female,Nigeria,gospel musician|social activist|journalist|human rights defender|songwriter|singer|politician|actor,
Q7145460,female,United States,ophthalmologist|inventor|researcher|physician,
Q67641,male,Germany,film screenwriter|film actor|director|film director|film producer|physician|actor|screenwriter,
Q67787,female,Germany|German Democratic Republic,sprinter|politician,
Q68604,male,Germany,historian of mathematics|information scientist|university teacher|mathematician|computer scientist|engineer,
Q68661,male,Germany|German Democratic Republic,sport cyclist,
Q68741,male,Germany,association football player,
Q69661,male,Germany|German Democratic Republic|German Reich,film actor|stage actor|actor,
Q69998,female,Germany|Nazi Germany|Weimar Republic|West Germany,athletics competitor,
Q70142,male,United States|Germany,academic musician|classical pianist|pianist|musician,
Q70305,female,Germany,film actor|dancer|singer|writer|actor,
Q70727,male,Germany|German Democratic Republic,film actor|television actor|director|film director|stage actor|actor|screenwriter,
Q70881,female,Germany,film actor|costume designer|singer|musician|screenwriter,
Q71001,male,Germany,inventor|entrepreneur,
Q71016,male,United States|Germany,university teacher|physicist,
Q672318,female,Hungary,swimmer|coach,
Q672616,male,Serbia|Serbia and Montenegro|Kingdom of Yugoslavia|Socialist Federal Republic of Yugoslavia,association football player|association football coach,
Q675887,male,Bulgaria,politician|lawyer|judge,
Q676255,male,Spain,musician|entrepreneur,
Q676356,male,Switzerland,mountaineer,
Q682757,male,Spain,university teacher|jurist|politician|lawyer,
Q683269,male,Czech Republic|Czechoslovakia,politician,
Q734264,male,Ireland|United Kingdom,game show host|narrator|autobiographer|radio personality|television presenter,cancer
Q734544,male,United States|Peru,tennis player,cancer
Q736223,female,United States,magistrate|lawyer|judge,cancer
Q733417,male,United Kingdom,television writer|film screenwriter|novelist|dramaturge|painter|playwright|writer|screenwriter,Parkinson's disease
Q728941,male,Bosnia and Herzegovina|Yugoslavia,boxer,Alzheimer's disease
Q728617,male,United States,film actor|television actor|film producer|actor,myocardial infarction
Q731390,male,France,sport cyclist|sporting director,myocardial infarction
Q734018,male,Egypt,novelist|journalist|translator|writer,myocardial infarction
Q736274,male,Democratic Republic of the Congo,recording artist|film actor|film score composer|songwriter|singer|composer|actor,myocardial infarction
Q736851,male,Italy,recording artist|jazz guitarist|singer-songwriter|singer|composer,myocardial infarction
Q738521,male,United Kingdom|United Kingdom of Great Britain and Ireland,television actor|film actor|stage actor|actor,myocardial infarction
Q761697,female,United States,film actor|television actor|stage actor|actor,myocardial infarction
Q7286234,male,India,film director|film producer|actor,myocardial infarction
Q729121,male,United Kingdom,science fiction writer|novelist|visual artist|painter|illustrator|poet|screenwriter|writer,pneumonia
Q731254,male,United States,bandleader|musician|singer-songwriter|conductor,pneumonia
Q732951,male,Nepal,,pneumonia
Q7288344,male,United States,podcaster|stand-up comedian|television actor|comedian,pneumonia|cardiac arrest
Q7620742,female,Bulgaria,actor,pneumonia
Q732671,male,United States,professional wrestler|television actor,diabetes
Q735999,male,United States,athletics competitor|pole vaulter,disease
Q739521,male,France,television actor|film actor|stage actor,disease
Q740036,non-binary,United Kingdom,video artist|performance artist|singer|poet|writer|actor,leukemia|chronic myelomonocytic leukemia
Q735458,male,Portugal|People's Republic of China,entrepreneur|politician,stroke
Q728169,male,Greece,opinion journalist|resistance fighter|journalist|politician|writer,heart failure
Q729021,male,France,association football player|association football coach,heart failure|respiratory failure
Q732513,male,Brazil,presenter|film director|novelist|journalist|television presenter|musician|writer|actor,heart failure|atrial fibrillation|kidney failure|aortic valve stenosis
Q740969,male,United States,philosopher|university teacher|writer,heart failure
Q7177,male,France,politician|lawyer,heart failure
Q730270,male,United States,film actor|television actor|actor,cardiac arrest
Q7492558,female,India,dancer|actor,cardiac arrest
Q738151,male,Croatia|Socialist Federal Republic of Yugoslavia,pianist|singer,lung cancer
Q736402,male,Italy,crime boss|criminal|mobster,colorectal cancer
Q7449,male,United States,computer security consultant|security hacker|computer scientist|hacker,pancreatic cancer
Q739866,male,United States,baseball player,cardiovascular disease
Q728645,male,France,sports executive|film actor|ship-owner|politician|entrepreneur|singer|minister|businessperson|actor,stomach cancer
Q739746,male,Sweden,ice hockey player|businessperson,amyotrophic lateral sclerosis
Q756377,male,United Kingdom,film actor|cabaret performer|television actor|stage actor|aircraft pilot|comedian|writer,amyotrophic lateral sclerosis
Q735036,male,Egypt,journalist|politician|writer,kidney failure
Q7336478,female,India,television actor|actor,kidney failure
Q7635072,female,India|British Raj|Dominion of India,children's writer|human rights defender|poet|writer,bronchopneumonia|COVID-19
Q739072,male,Japan,singer-songwriter|singer,laryngeal cancer
Q739524,male,Turkey|Ottoman Empire,academic|university teacher|historian,multiple organ dysfunction syndrome
Q734558,male,Argentina,journalist|association football player|association football coach|politician,cerebral hemorrhage
Q728029,male,United States,musician|pianist|record producer|poet|composer,COVID-19
Q729048,male,Brazil,essayist|debater|conspiracy theorist|lecturer|literary critic|journalist|astrologer,COVID-19
Q732062,male,Somalia,politician|businessperson,COVID-19
Q740411,male,Republic of the Congo,soldier|minister|politician,COVID-19
Q7614306,male,United States,computer scientist|engineer,COVID-19
Q73030804,male,statelessness|Iraq,military leader|condottiero,suicide bombing
Q7542,male,United States,film actor|film producer|dancer|film director|multi-instrumentalist|film score composer|guitarist|singer-songwriter|record producer|singer|composer|screenwriter|actor,fentanyl toxicity
Q721998,male,Argentina,association football coach|association football player,Alzheimer's disease
Q734221,male,Australia,film actor|television actor|voice actor|painter|drag queen|comedian|actor|screenwriter,surgical complications
Q759064,male,Norway,freestyle skier|alpine skier,lightning strike
Q7505949,female,India,actor,infectious disease
Q718012,male,United Kingdom,documentary participant|education expert|speaker|educator|conferencier|writer,cancer
Q719941,male,United States,military personnel,cancer
Q720955,male,Canada,professional wrestling writer|professional wrestler|screenwriter,cancer
Q725674,male,United Kingdom,film actor|television actor|actor,cancer
Q737762,male,Brazil,film editor|film director|screenwriter|actor,liver cancer
Q720005,male,Norway,recording artist|songwriter|guitarist|singer,disease
Q74042,male,France,singer-songwriter,myocardial infarction
Q725609,male,France,politician,myocardial infarction
Q726194,male,United Kingdom,novelist|film producer|journalist|television producer|writer|screenwriter,myocardial infarction
Q717654,male,United States,military officer|astronaut,stroke
Q723134,male,United States,aircraft pilot|politician|businessperson,stroke
Q718135,male,United States,film actor|television actor|actor,leukemia
Q72334,female,United States,audiobook narrator|young adult author|essayist|novelist|librettist|children's writer|editing staff|university teacher|poet|writer,pneumonia
Q73191,male,Czech Republic|Czechoslovakia,Olympic competitor|ice hockey player|ice hockey coach|athlete|coach,pneumonia
Q719891,male,United States,basketball coach|basketball player,pneumonia
Q721819,male,United States,musician|banjoist|songwriter|guitarist|singer|actor,pneumonia
Q726033,male,United States,film actor|television actor|film producer|stage actor|financial adviser|investor|military officer|entrepreneur|screenwriter,pneumonia
Q726394,male,United States|United Kingdom,nuclear physicist|university teacher|physicist,dementia
Q716893,male,United States|Iceland,non-fiction writer|film actor|screenwriter,pancreatic cancer
Q723640,male,Spain,association football player,amyotrophic lateral sclerosis
Q76156,male,Indonesia,engineer|politician,heart failure
Q722196,male,United States,film actor|television actor|film director|stunt performer|singer|screenwriter|actor,heart failure
Q725020,male,United States,aesthetician|autobiographer|philosopher|university teacher|writer,heart failure
Q723896,male,United States,military officer|politician|lawyer,kidney failure
Q727071,male,France|Djibouti,minister|politician,cardiovascular disease
Q720581,male,United States,video game actor|television writer|film actor|film screenwriter|television actor|film producer|film director|voice actor|television director|television producer|writer|screenwriter|actor,respiratory failure
Q725395,male,United States,film actor|television actor|novelist|stage actor|singer,thrombosis
Q726105,male,Russia|Soviet Union,film screenwriter|film actor|film producer|film director|lecturer|television presenter|public figure|screenwriter|actor,COVID-19
Q727645,male,United States,American football player|professional wrestler|film actor,falling from height
Q720562,male,United States,science fiction writer|editor|novelist|editing staff|writer,sepsis
Q721389,male,United States,director|film director|television director|screenwriter|actor,brain cancer
Q724819,male,United States,boxer,struck by vehicle
Q717066,male,United Kingdom,rock drummer|percussionist|songwriter,liver failure
Q726071,male,United States,recording artist|autobiographer|children's writer|novelist|film producer|aircraft pilot|lyricist|singer-songwriter|singer|entrepreneur|actor|composer|writer,Merkel cell carcinoma
Q724308,male,United Kingdom,percussionist|songwriter|drummer,prostate cancer
Q719635,male,United States,astronaut|chemist,
Q719836,male,United States,basketball coach|basketball player,
Q719926,male,United States,university teacher|military officer|physician|astronaut,
Q720549,male,Brazil,association football player,
Q720749,male,Italy|Kingdom of Italy,Catholic priest|exorcist|theologian|writer,
Q721215,male,Italy,association football player,
Q721753,male,Norway,short story writer|prose writer|literary translator|novelist|poet|writer,
Q721922,male,United States,film director|screenwriter|actor,
Q722003,male,United States,guitarist,
Q722555,male,United States|Serbia,scholar of English|university teacher|essayist|journalist|translator|poet|writer,
Q722828,male,United Kingdom,motorcycle racer|businessperson,
Q722868,male,Soviet Union|Armenia,chess player,
Q723088,male,Czechoslovakia,ice hockey player|ice hockey coach|association football player,
Q723263,male,United States|Lithuania,peace activist|cardiologist|inventor|physician,
Q723821,male,United States,jazz musician|saxophonist|composer,
Q723853,male,Japan,comics artist|mangaka,
Q723892,male,United States|France,fashion photographer|director|visual artist|film director|graphic artist|painter|screenwriter|photographer,
Q724164,male,United States,cardiac surgeon|basketball player|surgeon|university teacher|physician,
Q724185,male,United States,athletics competitor|discus thrower,
Q724478,male,Italy|Kingdom of Italy,film producer|film director|television director|illustrator|actor|screenwriter|writer,
Q724586,male,United States,lyricist|playwright|screenwriter|writer,
Q72262,male,United States,film actor|television actor|stage actor|actor,
Q74340,male,Germany,rower,
Q74631,male,Belgium,association football player|association football coach,
Q74861,male,Thailand,university teacher|civil servant|politician|lawyer|judge,
Q75021,male,United States,film actor|voice actor|television actor|stage actor|comedian|rabbi|screenwriter,
Q75760,male,Germany,film actor|television actor|stage actor,
Q75847,male,Germany,oncologist|virologist|university teacher|physician,
Q76335,female,Germany,young adult author|science fiction writer|primary school teacher|children's writer|teacher|writer,
Q76373,male,United States,physicist|inventor|photographer|scientist,
Q716047,male,People's Republic of China,banker|entrepreneur|businessperson,
Q716049,male,Yugoslavia,military officer|military personnel|writer,
Q716224,male,Czech Republic|Czechoslovakia,association football player,
Q716432,male,Spain,association football player,
Q716760,male,Italy|Kingdom of Italy,boxer,
Q717236,,,,
Q717280,male,Hungary|Slovakia|Czechoslovakia,figure skating coach|figure skating judge|figure skater,
Q717522,male,Estonia|Soviet Union,politician|poet|writer|screenwriter,
Q717916,male,Hungary,fencer|coach,
Q718078,male,United States,stand-up comedian|film actor|voice actor|television actor|comedian|actor,
Q718150,male,Palau,politician,
Q718499,male,United States,military flight engineer|fighter pilot|military officer|astronaut,
Q718584,male,Yugoslavia,film actor|television actor|film director|stage actor|actor,
Q718650,male,Finland,diplomat|politician,
Q718736,male,United States,art theorist|university teacher|sociologist,
Q718786,female,United States,film actor|singer|actor,
Q719023,male,Chile,beach soccer player|association football coach|association football player,
Q719266,male,United States,film actor|television actor|actor,
Q719474,male,Czech Republic|Czechoslovakia,association football player,
Q724825,male,Greece|Italy,writer,
Q724963,male,United States,swimmer,
Q725112,male,Finland,javelin thrower|athletics competitor,
Q725176,male,Sweden,cross-country skier,
Q725233,male,Canada,physicist|engineer|astronaut,
Q725399,male,New Zealand,film actor|television actor|stage actor|actor,
Q725403,male,United States,professional wrestler,
Q725520,male,Canada,film producer|film director|television producer|television director|actor,
Q726201,male,United States,criminal|actor,
Q726250,male,United Kingdom,association football player|association football coach,
Q726283,male,United States,television actor|film actor|stage actor|actor,
Q726687,male,France,music educator|prose writer|mathematician|translator|playwright|poet|writer,
Q726724,male,United Kingdom,theoretical physicist|Anglican priest|theologian|physicist|priest,
Q727086,male,United States,television actor|film actor|stage actor,
Q727158,male,Croatia,politician,
Q727529,male,Israel,spy|intelligence officer|official|politician,
Q727752,male,United States|United Kingdom,film actor|television actor|director|television director|stage actor|singer-songwriter|singer|actor,
Q728418,male,Japan|Empire of Japan,association football player,
Q728911,male,Nigeria,association football player,
Q729117,male,United States,memoirist|essayist|novelist|literary critic|university teacher|journalist|biographer|playwright|writer,
Q729618,male,United States|Mexico,film actor|television actor|film producer|actor,
Q730017,male,United States,satirist|journalist|writer,
Q732048,male,United States,non-fiction writer|academic|psychologist,
Q733225,male,France|Tunisia|French protectorate of Tunisia,essayist|writer,
Q733299,male,United States,diarist|university teacher|composer|writer|actor,
Q746226,male,Kingdom of the Netherlands,association football player,
Q747340,male,France|Algeria,association football player|association football coach,
Q748458,male,United States,shot putter|athletics competitor,
Q752610,female,Italy,film actor|radio personality|stage actor|playwright|screenwriter|writer,
Q7377129,female,India|British Raj|Dominion of India,dancer|musician|singer,
Q7399267,male,United States,actor,
Q7490569,female,India|British Raj,film actor|television actor,
Q7531710,male,India,politician,
Q7627362,male organism,,,
Q7636487,female,India|British Raj|Dominion of India,oceanographer|meteorologist|climatologist|mathematician,
Q7309,female,United States,molecular biologist|biochemist|biologist|chemist,
Q7476,female,United States,chemist|inventor,
Q733400,,,,
Q733625,male,Japan|Empire of Japan,Catholic bishop|Catholic priest,
Q734434,male,Finland,ecologist|essayist|philosopher|environmentalist|ornithologist|fisher|dissident|writer,
Q735009,male,United Kingdom,association football player|association football coach,
Q735104,male,United States,military flight engineer|inventor|writer,
Q735819,male,Norway,javelin thrower|athletics competitor,
Q735990,male,United States,athletics competitor|dentist,
Q736243,male,United States,film actor|actor,
Q736570,male,United States,scholar of English|novelist|university teacher|poet|writer,
Q736823,male,Vanuatu,diplomat|politician,
Q736833,male,Philippines,revolutionary|politician|writer,
Q736864,male,Ireland,musician|record producer,
Q738404,male,Mexico,recording artist|DJ producer|songwriter|singer|composer,
Q738922,male,Finland,cross-country skier|Nordic combined skier|politician,
Q739052,male,United Kingdom|United Kingdom of Great Britain and Ireland,television actor|film actor|soldier|voice actor|stage actor,
Q739390,male,Panama,politician,
Q739500,male,Spain,film screenwriter|director|film director|screenwriter|writer,
Q739537,male,France,university teacher|translator|historian|writer,
Q739896,male,United States|Colombia,recording artist|club DJ|songwriter|record producer|disc jockey,
Q740168,male,France|Senegal,university teacher|diplomat|civil servant|minister|politician,
Q740374,male,France,novelist|businessperson|screenwriter|writer|actor,
Q740496,male,Iceland,athletics competitor|painter|teacher,
Q741452,male,Slovakia|Czechoslovakia,association football player,
Q742351,male,Brazil,association football player|association football coach,
Q745045,male,Japan|Empire of Japan,politician,
Q8159,male,France,chef|author|businessperson,Parkinson's disease
Q77031,male,Germany,musicologist|essayist|librettist|university teacher|composer,cancer
Q78608,male,United States|Austria|Bulgaria,science fiction writer|collector|university teacher|chemist|playwright|writer|scientist,cancer
Q774501,male,France,recording artist|singer,cancer
Q787176,male,France,autobiographer|radio personality|film director|media proprietor|journalist|lyricist|news presenter|songwriter|writer|screenwriter,cancer
Q77311,male,United States|Germany,architect,traffic collision
Q77969,male,Germany,theatre critic|literary critic|journalist|university teacher|dramaturge|playwright,disease
Q78441,female,Germany,film actor|stage actor|performing artist|actor,disease
Q83015,male,Palestine,university teacher|politician,disease
Q770037,male,France,patron of the arts|art collector|industrialist|writer|businessperson,disease
Q785548,male,New Zealand|Niue,diplomat|politician,disease
Q76893,female,Chile|German Democratic Republic|Nazi Germany|Weimar Republic,communist|politician,breast cancer
Q77777,female,Germany|West Germany,film actor|television actor|voice actor|stage actor|writer,breast cancer
Q76844,male,Switzerland|Germany,sociologist|university teacher|economist,myocardial infarction
Q80095,male,Japan|Empire of Japan,science fiction writer|essayist|novelist|university teacher|writer|screenwriter,myocardial infarction
Q80309,male,India,film actor|television actor,myocardial infarction
Q82022,male,Czech Republic|Czechoslovakia,film actor|director|film director|film producer|university teacher|pedagogue|teacher|screenwriter,myocardial infarction
Q776722,male,United States,television actor|film actor|film director|film producer|stunt performer|pornographic actor|politician|actor,myocardial infarction
Q76716,male,Germany,fashion photographer|designer|publisher|fashion designer|film director|costume designer|dressmaker|collector|postage stamp designer|photographer,pancreatic cancer
Q781993,female,Mexico,television actor|film actor|actor,pancreatic cancer
Q77037,male,Russia|Germany,storyteller|novelist|poet|writer,pneumonia
Q767675,male,Japan|Empire of Japan,association football coach|association football player|politician,pneumonia
Q769414,male,United Kingdom,theatrologist|theatre director|director|film director|television director|singer|actor,pneumonia
Q778014,male,Canada,professional wrestler,liver cancer
Q7908397,male,Brazil,association football player|association football coach,liver cancer
Q7714263,female organism,,animal actor|Internet celebrity,urinary tract infection
Q776310,male,Spain,association football coach|association football player,pulmonary embolism
Q76446,male,Germany,film producer|film director|screenwriter,lung cancer
Q76651,male,Germany|German Democratic Republic,association football player|association football coach,lung cancer
Q77389,male,Germany,papyrologist|chess player|athlete|historian|writer,stomach cancer
Q804684,male,India|Dominion of India|British Raj,field hockey player,bronchopneumonia
Q809029,male,United States,film actor|voice actor|stage actor|singer|writer|screenwriter,falling|traumatic brain injury
Q813332,male,United States,judge advocate|politician|lawyer,glioblastoma|brain cancer
Q78510,male,Canada|United States|Austria,university teacher|chemist|physicist,laryngeal cancer
Q776860,male,United Kingdom,television actor|film actor|composer|actor,respiratory failure
Q770059,male,United States,television actor|film actor|voice actor|writer|screenwriter,heart failure
Q76963,male,United Kingdom,film actor|television actor|voice actor|stage actor|comedian|writer|actor|screenwriter,vascular dementia
Q80976,male,United Kingdom,polo player|naval officer|consort|aristocrat|military officer,senility
Q7833292,male,Vietnam,politician,viral infectious disease
Q77128,female,Germany|Pakistan|British Raj,nun|physician,cardiovascular disease
Q7928181,female,India|Dominion of India,television actor|film actor|actor,cardiovascular disease
Q7929316,male,India,politician,aviation accident
Q765,male,Italy|Kingdom of Italy,Nobel Prize winner|Theaterintendant|film actor|satirist|visual artist|director|theatre director|stage actor|scenographer|illustrator|painter|stage author|playwright|costume designer|poet|composer|writer|actor|screenwriter,respiratory disease
Q7914687,female,United States,actor,gunshot wound
Q81698554,male,United States,rapper|songwriter|singer|actor,gunshot wound
Q781717,male,Mali,photographer,complications of diabetes mellitus
Q809978,male,Albania,economist|politician,COVID-19
Q822737,male,France,theologian|Catholic priest|bishop,fall on stairs
Q78489,male,Austria,Formula One driver|aircraft pilot|sporting director|entrepreneur,
Q78526,male,Austria,musicologist|cellist|viol player|music educator|choir director|conductor|composer|actor,
Q78561,male,Austria,film actor|television actor|film director|stage actor|actor,
Q78689,female,Austria,alpine skier,
Q78713,male,Austria,industrialist|business executive|manager|mechanical engineer|design engineer|university teacher|inventor|entrepreneur|engineer,
Q78794,male,Austria,music educator|instrumentalist|conductor|composer,
Q81156,male,Italy|Kingdom of Italy,Catholic bishop|Catholic priest,
Q82032,male,France|United Kingdom,novelist|editor|university teacher|writer,
Q82335,male,United States,tennis coach,
Q82563,male,United States,university teacher|physicist,
Q82688,female,Czech Republic|Slovakia|Czechoslovakia,singer|actor,
Q764669,male,Italy,Catholic bishop|Catholic priest,
Q766930,male,United States,songwriter|singer|actor,
Q768534,male,Croatia|Socialist Federal Republic of Yugoslavia,association football player,
Q770880,male,Chile,association football coach|association football player,
Q773866,male,Sweden,bandy player|ice hockey player|association football coach|association football player,
Q773871,male,Australia,Formula One driver|racing automobile driver|motorcycle racer|engineer,
Q775915,male,United Kingdom|Soviet Union,spy|communist|army scout,
Q775980,male,Sweden,association football player,
Q776052,male,United States,television actor|film actor|film director|stage actor|television director,
Q779529,male,United States,film screenwriter|producer|advertising person|film actor|voice actor|director|film director|film producer|film score composer|cinematographer|professor|writer|composer|actor|screenwriter,
Q780498,male,Soviet Union,university teacher|physicist,
Q783657,male,Brazil,classical pianist|pianist,
Q76375,male,Germany|Vatican City,Catholic bishop|Catholic priest,
Q76528,male,Germany,political activist|opinion journalist|jurist|politician|lawyer,
Q76600,male,Germany,biophysicist|university teacher|chemist|physicist|writer,
Q76757,male,Germany,theoretical physicist|university teacher|physicist,
Q76841,male,Germany,sculptor|university teacher|architect,
Q77298,male,United Kingdom,autobiographer|film actor|television actor|stage actor|character actor|author|actor,
Q77342,male,Germany,autobiographer|film actor|television actor|writer|actor,
Q77468,male,Germany,librettist|director|film director|translator|playwright|poet|writer|actor|screenwriter,
Q77581,male,Germany,film actor|television actor|actor,
Q77688,female,United States|Germany|Nazi Germany|Weimar Republic,sex therapist|sex educator|television actor|radio personality|voice actor|stage actor|sociologist|university teacher|television presenter|sniper|writer,
Q77729,female,Canada|Germany,metallurgist|peace activist|women's rights activist|university teacher|physicist|engineer,
Q785404,male,Kingdom of Denmark,jazz clarinetist|tennis player|film director|painter|journalist|musician|poet|writer|actor,
Q786680,male,Spain,association football player|association football coach,
Q794031,male,United States|Soviet Union,philosopher|linguist|anthropologist|Hittitologist|university teacher|translator|historian|poet,
Q795593,male,United States,swimmer,
Q809814,male,Trinidad and Tobago,trade unionist|politician|lawyer,
Q817210,male,Sweden,association football player,
Q817228,male,Sweden,association football player|association football coach,
Q822315,male,Ivory Coast,minister|playwright|politician|poet|writer|screenwriter,
Q822349,male,France,association football player|association football coach,
Q822377,male,United Kingdom,autobiographer|television actor|film actor|voice actor|stage actor|comedian|singer|actor,
Q822727,male,France,philosopher,
Q827379,male,United States,film producer|film director|cinematographer|screenwriter,
Q7706915,male,Japan,association football player|association football coach,
Q7818478,male,Poland,rowing administrator|rower,
Q7852395,female,India,activist|environmentalist,
Q8168180,male,British Raj|Pakistan,politician|judge,
Q8201210,male,Spain,philosopher|essayist|university teacher|translator|jurist,
Q78473599,female,United States|Australia,lawyer|activist|spokesperson,
Q881361,male,United States,military officer|politician|lawyer|judge,Alzheimer's disease
Q879616,male,Sweden,voice actor|television actor|actor,disease
Q902439,male,Italy|Kingdom of Italy,chemist|diplomat|politician,Parkinson's disease
Q834689,male,Serbia|Federal Republic of Yugoslavia|Socialist Federal Republic of Yugoslavia,rock singer|rock musician|songwriter|lyricist|singer|poet,pneumonia
Q845542,male,Mexico,television actor|film actor|stage actor|politician,pneumonia
Q855252,male,Thailand,jazz musician|saxophonist|social worker|environmentalist|painter|sailor|statesperson|politician|military officer|engineer|composer|teacher|writer|photographer|monarch,pneumonia
Q880779,male,United States,ice hockey player|politician,pneumonia
Q896953,male,United States,film actor|television actor|stage actor|military officer|writer,pneumonia
Q919876,male,United States|Weimar Republic,television actor|film actor|stage actor|actor,pneumonia
Q920017,male,United States,athletics competitor,pneumonia
Q920977,male,Argentina,jazz saxophonist|jazz musician|saxophonist|film score composer|composer,pneumonia
Q888064,male,Nicaragua,Catholic priest|Catholic bishop,myocardial infarction
Q864094,male,Kenya,journalist|writer,stroke
Q888121,male,United States,voice actor|television actor|singer|writer|actor,stroke
Q918265,male,United States,baseball player|investment company|politician,stroke
Q8961383,male,Spain,Latin Catholic priest|Catholic bishop,stroke
Q913403,male,United States,science fiction writer|novelist|editor|writer|screenwriter,cancer
Q913737,male,France|Uganda,singer,cancer
Q84486,male,United States|Austria,sociologist|university teacher|theologian,heart failure
Q918369,male,United States,television actor|film actor|stage actor|painter,heart failure
Q920288,male,United States,jazz musician|trumpeter|music arranger|songwriter|lyricist|musician|record producer|conductor|composer,heart failure
Q860796,male,United States,javelin thrower,dementia
Q869844,male,South Africa,human rights defender|politician|writer,lung cancer
Q9099,male,Uruguay,oncologist|professor|politician|physician,lung cancer
Q921542,male,United States,musician|bassist,amyotrophic lateral sclerosis
Q83648,male,Kingdom of the Netherlands|Democratic Republic of the Congo,association football player,cardiac arrest
Q91772,female,Germany,film actor|actor,cardiac arrest
Q879195,male,Costa Rica,diplomat|politician,cardiac arrest
Q908569,male,United States,guitarist|songwriter|musician|singer-songwriter|singer,pulmonary emphysema
Q909704,male,United States,film actor|television actor|stage actor|screenwriter|actor,cardiovascular disease
Q918538,male,United Kingdom,film actor|comedian|songwriter|pianist|musician|singer|composer|writer|actor,cardiovascular disease
Q9086104,female,Spain,film actor|stage actor|actor,cerebral hemorrhage
Q888222,male,South Africa,monarch,COVID-19|diabetes
Q893817,male,Yugoslavia,economist|diplomat|politician|writer,COVID-19
Q84497471,male,People's Republic of China,physician,COVID-19
Q85245727,male,People's Republic of China,physician,COVID-19
Q88181154,female,Philippines,sinologist|political scientist|university teacher,COVID-19
Q90561312,male,United Kingdom,manager|general manager|military officer|entrepreneur|fundraiser|philanthropist|soldier|tankman|motorcycle racer,COVID-19
Q86003114,male,Russia,businessperson,blunt trauma|fall out of a window
Q881507,male,Honduras,surgeon|politician,surgical complications
Q910761,male,United States,film actor|stage actor|songwriter|musician|singer|actor,surgical complications
Q888556,male,United States,professional wrestler|manager,laryngeal cancer
Q87082636,male,United States,documentarian|war photographer|film director|journalist|filmmaker|photographer,gunshot wound
Q863115,male,United States,American football player|professional wrestler,multiple organ dysfunction syndrome
Q896151,male,Austria,association football player|association football coach,train wreck
Q863212,male,United States,singer,pancreatic cancer
Q917301,female,Serbia,film actor|stage actor|child actor|actor,pancreatic cancer
Q918808,male,United States,athletics competitor|sprinter,pancreatic cancer
Q921204,male,United States,jazz guitarist|guitarist|songwriter|record producer|composer,esophageal cancer
Q9094,male,Uruguay,draftsperson|political prisoner|farmer|politician|partisan,esophageal cancer
Q921518,male,United States,television actor|film actor|film producer|character actor|actor,drug overdose
Q9142183,female,Kenya,athletics competitor,stab wound
Q83694,male,United States,television actor|film actor|actor,
Q84148,male,Austria|Czechoslovakia,classical pianist|essayist|editor|musician|pianist|poet|composer|writer,
Q86190,male,Germany|German Democratic Republic,judoka,
Q89137,female,Austria,humanitarian|educator,
Q89507,female,Germany,film actor|stage actor,
Q89532,female,Austria,music educator|university teacher|pianist,
Q91636,male,Germany,university teacher|physicist,
Q838719,male,Hungary,association football coach|association football player,
Q839025,male,Hungary,association football coach|association football player,
Q848276,male,Hungary,director|film director|university teacher|screenwriter,
Q851589,male,Hungary|United Kingdom|Australia,boxer|film actor|actor,
Q854242,male,Hungary,association football coach|association football player|veterinarian|politician,
Q860753,male,Hungary,javelin thrower,
Q862028,male,United States,television actor|voice actor|film actor|actor,
Q862229,male,United States,alpine skier,
Q862473,male,France,fashion designer,
Q863023,male,United Kingdom,association football coach|association football player,
Q867073,male,Italy,Formula One driver|racing automobile driver|racing driver,
Q878369,male,Palau,politician,
Q878888,male,France|Benin,politician|minister|diplomat|physician,
Q880982,male,El Salvador,diplomat|politician,
Q881069,male,United States,politician|lawyer,
Q886514,male,Bolivia,politician,
Q887423,male,Sweden,association football player,
Q887753,male,Mongolia,politician,
Q888020,male,New Zealand,academic administrator|truck driver|monarch,
Q888056,male,United States,basketball coach|basketball player,
Q888594,male,United States,basketball coach|basketball player,
Q893738,male,Russia,boxer,
Q898670,male,Israel,university teacher|mathematician,
Q899517,male,United States,university teacher|researcher|chemist,
Q903471,male,United States|Austria,theoretical chemist|biophysicist|university teacher|chemist|scientist,
Q904168,male,United States,molecular biologist|biochemist|university teacher|chemist,
Q906529,male,United States,university teacher|meteorologist|physicist|inventor,
Q910373,female,Russia|Soviet Union,actor,
Q913211,male,Slovakia|Czechoslovakia,association football player,
Q913948,male,Australia,tennis player,
Q916162,female,Austria,jurist|politician|judge,
Q917581,female,Russia,drama teacher|actor,
Q918625,male,United Kingdom,librettist|theatre director|director|playwright|poet|writer|screenwriter,
Q918630,male,United States,investor,
Q918707,male,Italy|Kingdom of Italy,Catholic bishop|Catholic priest,
Q920465,male,Italy|Kingdom of Italy,Catholic bishop|Catholic priest,
Q920752,male,France,fashion photographer|photographer,
Q921114,male,Poland,boxer,
Q921687,male,Algeria,film producer|film director|cinematographer|writer|screenwriter|actor,
Q923039,male,Romania,amateur wrestler,
Q923217,male,Kingdom of the Netherlands,association football player,
Q92828,male,United States,inventor|computer scientist|engineer,cancer
Q93652,female,Austria,children's writer|illustrator|playwright|journalist|writer|screenwriter,cancer
Q931723,male,United Kingdom,singer-songwriter,cancer
Q935786,male,United Kingdom,archer,cancer
Q93038,male,United States,psychologist|computer scientist,Parkinson's disease
Q94358,female,United States,presenter|film actor|television actor|voice actor|actor|screenwriter,multiple sclerosis
Q930207,male,United Kingdom,musician|songwriter|singer,multiple sclerosis
Q92618,male,Kingdom of Denmark,programmer|university teacher|computer scientist|astronomer,disease
Q923271,male,Kingdom of Denmark,non-fiction writer|association football player|businessperson,disease
Q943993,male,Yugoslavia|Socialist Federal Republic of Yugoslavia,association football player|association football coach,disease
Q944952,female,United States,film actor|television actor|stage actor,disease
Q930691,male,United Kingdom|United Kingdom of Great Britain and Ireland,television actor|film actor|stage actor|actor,epilepsy
Q92631,male,United States,programmer|inventor,myocardial infarction
Q92935,male,United States,chief technology officer|computer scientist,myocardial infarction
Q932539,male,Nigeria,association football player,myocardial infarction
Q92788,male,United States,programmer|designer|inventor|computer scientist|photographer,pancreatic cancer
Q929985,male,Canada|United States,sports commentator|game show host|journalist|television presenter|actor,pancreatic cancer
Q923286,male,Argentina,association football player,liver cirrhosis
Q924275,male,Iran,writer,thrombosis
Q928571,male,United States,sociologist|university teacher,acute myeloid leukemia
Q935370,female,Poland,essayist|translator|poet|writer,cardiovascular disease
Q9434,male,United States,golfer|aircraft pilot|architect,cardiovascular disease
Q932492,male,United States,boxer,lung cancer
Q934402,male,Argentina,association football coach|association football player,kidney failure
Q92625,male,United States,university teacher|computer scientist,diabetes
Q936987,male,United States,television actor|film director|film actor|television director|voice actor|actor|screenwriter,diabetes
Q92761,male,United States,programmer|computer scientist|engineer,hanging to death
Q926362,male,United States,film actor|television actor|voice actor|stage actor|singer|actor,prostate cancer
Q939038,male,United States,non-fiction writer|philosopher|university teacher|theologian,chronic obstructive pulmonary disease
Q938700,male,France,association football player|association football coach,cardiac arrest
Q92875,male,United States,manager|university teacher|electrical engineer|computer scientist,aspiration pneumonia
Q924643,male,Japan|Empire of Japan,ski jumper|ski jumping coach,coronary artery disease
Q937232,male,United States,television writer|film screenwriter|film producer|librettist|television actor|film actor|novelist|aircraft pilot|television producer|voice actor|television presenter|poet|composer|teacher|writer|actor|screenwriter,bladder cancer
Q94064,male,United States,ice hockey player,bicyclist hit by car
Q940474,male,United States,mechanical designer|designer|film director,lymphoma
Q930013,male,Switzerland|United Kingdom|Romania|Kingdom of Romania,art collector|aircraft pilot|stockbroker|military leader|monarch,leukemia
Q942974,female,Austria,chess player|author,leukemia
Q92819,male,United States,mathematician|university teacher|computer scientist|engineer,COVID-19
Q927269,male,Ukraine|Soviet Union,politician,COVID-19
Q928362,female,United States,film actor|television actor|voice actor,brain cancer
Q932204,male,United States,television actor|film actor|stage actor,COVID-19
Q923927,male,Brazil,university teacher|architect|urban planner|politician,kidney disease
Q944881,male,New Zealand,middle-distance runner|long-distance runner|politician,laryngeal cancer
Q927631,male,United States,poker player|television actor|banjoist|comedian|actor,heart failure
Q93672,male,Austria,musicologist|pianist|conductor|composer|music historian|music educator,
Q93714,female,Kingdom of Denmark,children's writer|designer|poet|writer,
Q94487,female,United States,autobiographer|voice actor|comedian|singer|writer|actor,
Q924988,male,Norway,association football coach|association football player,
Q925052,male,United States,adviser|politician|lawyer,
Q925165,male,Italy|Kingdom of Italy,association football player,
Q925737,,,,
Q925797,male,United States,rower,
Q925877,male,Sweden,director|film actor|television actor|film director|stage actor|composer|writer|actor|screenwriter,
Q926167,male,United Kingdom,university teacher|physicist,
Q927006,male,United Kingdom,association football player|screenwriter,
Q927916,male,United States,lacrosse player|American football player|basketball player|film actor|television actor|film producer|adviser|television director|actor,
Q927967,male,Turkey,film actor|film producer|film director|physician|screenwriter,
Q927993,male,Ukraine,mining engineer|politician,
Q928425,male,United States,television actor|actor,
Q928556,male,Poland,literary critic|journalist|writer|screenwriter,
Q929933,male,United Kingdom,audiobook narrator|film actor|television actor|stage actor|actor|screenwriter,
Q929941,male,Kingdom of the Netherlands,sport cyclist,
Q930117,male,Canada|United States,humorist|television actor|voice actor|screenwriter,
Q931129,male,United States,university teacher|economist,
Q931742,male,Slovenia,association football coach|association football player,
Q932647,male,United States,television actor|film actor|actor,
Q933550,male,United States,jazz musician|singer|actor,
Q934345,male,United States,television actor|film director|film actor|screenwriter,
Q934506,male,United States,television actor|film actor|stage actor|actor,
Q934898,male,United States,politician|lawyer|judge,
Q935983,male,United States,guitarist,
Q936548,male,United States,university teacher|politician,
Q937696,male,Hungary,film actor|association football coach|association football player,
Q92604,male,Switzerland,programmer|university teacher|inventor|computer scientist|engineer,
Q92609,male,United States,mathematician|university teacher|computer scientist|engineer,
Q92628,male,United States|Latvia,mathematician|editor|university teacher|computer scientist,
Q92646,male,United States,artificial intelligence researcher|university teacher|psychologist|computer scientist|engineer|scientist,
Q92763,male,United States,university teacher|computer scientist|engineer,
Q92767,male,United States|Soviet Union|Pahlavi Iran,mathematician|university teacher|computer scientist|engineer,
Q92787,male,United States,physicist|mathematician|university teacher|computer scientist|engineer,
Q92821,male,United States,university teacher|computer scientist|engineer,
Q92847,male,Israel,cryptographer|university teacher|computer scientist,
Q93166,male,France|Czech Republic|Czechoslovakia|statelessness,essayist|novelist|prose writer|short story writer|dramaturge|translator|university teacher|poet|writer|screenwriter,
Q93514,female,Austria,radio playwright|novelist|poet|writer,
Q93614,female,Austria,librettist|playwright|poet|teacher|writer,
Q937835,male,United States,opinion journalist|novelist|journalist|author|war correspondent|writer|screenwriter,
Q938136,male,Pakistan|British Raj,field hockey player,
Q938423,female,Philippines,film producer|film director|comedian|singer|actor,
Q938521,male,Finland,cross-country skier,
Q938652,male,Hungary,association football player,
Q938679,male,United Kingdom,musician|songwriter|singer|vocalist|composer,
Q941181,male,Serbia,association football player|association football coach,
Q941388,male,Moldova,politician|economist,
Q941740,male,Turkey,association football player|association football coach,
Q942773,male,United States,non-fiction writer|novelist|writer|screenwriter,
Q942858,male,Poland,theatre director|film director|actor|screenwriter,
Q943109,male,France,jazz musician|film score composer|composer|pianist|actor|screenwriter,
Q943390,male,United States,film actor|television actor|film director,
Q944786,male,United States,musician|drummer,
Q9335955,male,Canada,pole vaulter|athletics competitor,
Q959780,male,United Kingdom,association football player,Alzheimer's disease
Q967117,male,United States,film actor|television actor|actor,Alzheimer's disease
Q9602,female,United States,university teacher|engineer|computer scientist,Alzheimer's disease
Q957149,male,Russia,fencer,traffic collision
Q946606,male,United States,politician,cancer
Q952160,male,Spain,music director|conductor,cancer
Q955818,male,United States,actor,cancer
Q958179,male,Brazil,Catholic priest|Catholic bishop,pneumonia
Q966754,male,Czech Republic|Czechoslovakia,film screenwriter|film director|screenwriter,pneumonia
Q961786,male,United States,restaurateur|basketball player,leukemia
Q95039,male,United States,director|film producer|film director|writer|screenwriter,lung cancer
Q967970,male,Czech Republic|Czechoslovakia,film screenwriter|film director|actor|screenwriter,lung cancer
Q958262,male,Italy|Kingdom of Italy,film actor|actor,heart failure
Q95043,male,United States,director|karateka|film actor|television actor|voice actor|film director|character actor|actor,myocardial infarction|coronary artery disease
Q945680,male,Kosovo,sports official|association football player,myocardial infarction
Q948246,male,Australia,film actor|television actor|stage actor|singer|actor,myocardial infarction
Q949030,male,Serbia,association football player|association football coach,myocardial infarction
Q950122,male,Spain,athletics competitor,myocardial infarction
Q953697,male,Costa Rica,association football player,myocardial infarction
Q954475,male,Brazil,association football player|association football coach,myocardial infarction
Q959829,male,United States|Sweden,television actor|film actor|television director|film producer|film director|voice actor|camera operator|executive producer|guitarist|singer|television producer|actor,myocardial infarction
Q960633,male,France,jazz musician|film score composer|violinist|composer,myocardial infarction
Q963044,male,United States,jazz musician|music arranger|songwriter|pianist|record producer|singer|composer,myocardial infarction
Q9486,male,United Kingdom,sports commentator|association football player|association football coach,myocardial infarction
Q95677819,male,United States,basketball player|rapper|security guard|truck driver|pornographic actor|driver,asphyxia
Q946679,male,Czech Republic,association football player|association football coach,cardiac arrest
Q9513,male,India|Dominion of India,politician,cardiac arrest
Q961671,male,United Kingdom,guitarist|singer-songwriter|musician|songwriter|singer,sepsis
Q951335,male,United States,film actor|voice actor|television actor|actor,respiratory failure
Q952917,male,Canada,serial killer|farmer,stabbing
Q964862,male,Sweden,children's writer|poet|writer|screenwriter,pancreatic cancer
Q958578,male,United States,recording artist|autobiographer|songwriter|musician|singer|writer,type 2 diabetes
Q963613,male,United States,basketball coach|basketball player,surgical complications
Q963787,male,United States,recording artist|television actor|comedian|singer|actor,surgical complications
Q964959,male,United States,politician|lawyer,surgical complications
Q945188,male,United States,film director,falling
Q965951,male,United States,television actor|film actor|model|actor,falling
Q960311,male,Poland,film score composer|composer,multiple system atrophy
Q94839,male,Palestine,terrorist|military leader,airstrike
Q94579368,male,United States,rapper|singer|songwriter,gunshot wound
Q964474,male,France,television actor|film actor|stage actor|actor,COVID-19
Q965475,male,United Kingdom,film actor,COVID-19
Q948201,male,Serbia|Yugoslavia,film actor|stage actor|politician|actor,gangrene
Q962283,male,Iceland,television actor|singer|actor,cholangiocarcinoma
Q964640,male,Ukraine|Soviet Union,association football player|association football coach,blunt trauma
Q966576,male,United States,film actor|stage actor|actor|television actor,
Q967207,male,Romania,film director|actor|screenwriter,
Q94634690,female,United States|Spain,,
Q96278781,female,Egypt,LGBTQ rights activist,
Q95068,female,United States|United Kingdom|France,film actor|television actor|stage actor|actor|screenwriter,
Q95904,female,Germany,film actor|stage actor,
Q945579,male,United States,film actor|film producer|television actor|film director|stage actor|screenwriter,
Q945681,male,United States,jazz record producer|audio technician|audio engineer|composer,
Q945778,male,United States,jazz musician|wind instrument player|flugelhorn player|recording artist|trumpeter|bandleader|musician|conductor|composer,
Q945793,male,Kingdom of the Netherlands,musician|songwriter|singer|singer-songwriter|record producer|composer,
Q945819,male,Soviet Union,athletics competitor,
Q945896,male,United States,high jumper|athletics competitor|basketball player,
Q945936,male,France,director|film actor|television actor|film director|politician|writer|actor|screenwriter,
Q946031,female,Canada,storyteller|novelist|university teacher|translator|playwright|writer|screenwriter,
Q948005,male,Estonia|Soviet Union,sportsperson|hammer thrower|athletics competitor|politician,
Q948234,male,United States,film actor|television actor|stage actor,
Q948561,male,Japan,jazz musician|quantum physicist|guitarist|engineer|computer scientist|composer,
Q949408,male,Vietnam,politician,
Q949557,male,Croatia|Yugoslavia,association football player|association football coach,
Q949868,male,Kenya,athletics competitor|sprinter,
Q950406,male,Papua New Guinea,politician,
Q950967,male,United Kingdom,association football player|association football coach,
Q951253,male,United States,mathematician,
Q951710,male,United Kingdom,non-fiction writer|university teacher|psychologist,
Q951969,male,Belize,politician,
Q953288,male,United States,short story writer|science fiction writer|essayist|novelist|journalist|poet|writer|teacher,
Q953520,male,United States,film producer|film director|screenwriter,
Q953795,male,Grenada,politician|military personnel,
Q954785,male,Norway,cross-country skier|sports commentator,
Q954800,male,Norway,cross-country skier|athletics competitor,
Q954876,male,Norway,cross-country skier|athletics competitor|singer,
Q954997,male,United States,film actor|novelist|television actor|film producer|film director|stage actor|songwriter|guitarist|singer|singer-songwriter|composer|screenwriter,
Q955019,male,United States,film actor|television actor|stage actor|actor,
Q955365,male,Kingdom of the Netherlands,association football player|association football coach,
Q955376,male,"Croatia|Socialist Federal Republic of Yugoslavia|Independent State of Croatia|Kingdom of Yugoslavia|Kingdom of Serbs, Croats and Slovenes",politician,
Q956160,male,Russia|Soviet Union,aircraft pilot|astronaut,
Q956847,male,Russia|Soviet Union,prose writer|mathematician|writer,
Q957130,male,United States,athletics competitor,
Q957353,male,Czech Republic,ice hockey player|ice hockey coach|entrepreneur,
Q957439,male,Israel,university teacher|pedagogue|computer scientist|engineer,
Q959520,male,Canada,ice hockey player,
Q959614,male,Thailand,politician|military personnel|military,
Q959830,male,United Kingdom,association football player|association football coach,
Q959933,male,United Kingdom,association football player|association football coach,
Q961159,male,Togo,author|politician|minister|teacher,
Q961861,male,United States,music educator|musicologist|university teacher|pianist|conductor|composer,
Q962160,male,United Kingdom,philosopher,
Q962579,male,United States,television actor|film actor|actor,
Q963426,male,United States,recording artist|jazz musician|organist|pianist|composer,
Q963628,male,Hungary|United States,film producer|cinematographer,
Q964396,male,Ireland,rugby union player|barrister|diplomat|politician|businessperson,
Q964530,male,Mali,association football player|actor,
Q964689,male,Italy,sport cyclist,
Q964973,male,France,association football player,
Q964998,male,United States,television actor|film actor|voice actor|singer|actor,
Q976434,male,Argentina,association football player|association football coach,Alzheimer's disease
Q980148,male,Belgium,cyclo-cross cyclist|sport cyclist,Alzheimer's disease
Q971422,male,United States,musician|guitarist|composer,cancer
Q971585,male,United States,philosopher|university teacher|writer,cancer
Q975161,male,United States,film actor|television actor|voice actor|actor,cancer
Q981203,male,France,playwright|performing artist|actor|screenwriter,cancer
Q983150,male,Czech Republic|Czechoslovakia,music educator|cellist|pedagogue|conductor,cancer
Q984275,male,Brazil,association football player,cancer
Q975310,male,Czech Republic|Czechoslovakia,camera operator|cinematographer,disease
Q983338,male,United States,singer-songwriter|guitarist|songwriter|singer,myocardial infarction
Q999332,male,United States,film actor|television actor|director|film director|actor|screenwriter,myocardial infarction
Q972193,male,Argentina,association football player|association football coach,myocardial infarction
Q981270,male,France,military flight engineer|business executive|publisher|entrepreneur|engineer|politician|businessperson,myocardial infarction
Q982809,male,India,autobiographer|film director|politician|writer|screenwriter,myocardial infarction
Q976310,male,United States,film actor|television actor|voice actor|stage actor|screenwriter,pneumonia
Q980220,male,United Kingdom,guitarist|musician,pneumonia
Q977918,male,Russia,film screenwriter|film director|screenwriter,stroke
Q983221,male,Zimbabwe,guitarist|musician,diabetes
Q983418,male,United States,professional wrestler,diabetes|COVID-19
Q973783,male,United States,film actor|television actor|stage actor|actor,lung cancer
Q97622,male,Germany,film actor|television actor|stage actor|singer,heart failure
Q98931509,male,Iran,plasterer|amateur wrestler,hanging to death
Q972238,male,Kingdom of Denmark,goalkeeper coach|association football player|association football coach,pancreatic cancer
Q981074,male,Kazakhstan,figure skater,stabbing|exsanguination
Q979990,male,India,film actor|television actor|stage actor|actor,cerebral hemorrhage
Q972386,male,France,recording artist|film actor|film score composer|singer-songwriter|singer|writer,laryngeal cancer
Q982389,male,Turkey,film actor|film director|columnist|politician|screenwriter,multiple organ dysfunction syndrome
Q983329,male,Philippines,folk musician|songwriter|singer,multiple organ dysfunction syndrome
Q973475,male,United States,professional wrestler|television actor|film director|child actor|pornographic actor|actor,small cell carcinoma
Q983444,male,Nepal,civil servant|politician,respiratory failure
Q96863707,male,Lebanon,militant|politician,airstrike
Q978452,male,Mexico,association football player,Evans' syndrome
Q982339,male,Finland,producer|film director|film critic|film producer|journalist|diplomat|politician|actor|screenwriter,lung disease
Q970706,male,United States|Palestine,diplomat|politician,COVID-19
Q983479,male,Portugal,fado singer,ruptured aneurysm
Q969550,male,Argentina,association football player,
Q970467,male,Mexico,association football player,
Q970617,male,Kingdom of the Netherlands,association football player|association football coach,
Q970989,male,Serbia|Yugoslavia|Serbia and Montenegro,association football player|association football coach,
Q972276,male,Algeria,association football player|association football coach,
Q974177,male,Argentina,association football player|association football coach,
Q975046,male,United States,model|film actor|television actor|film producer|stunt performer|actor|screenwriter,
Q975066,male,United States,basketball player,
Q975547,male,United States,draftsperson|children's writer|caricaturist|journalist|university teacher|comics artist|playwright|writer|actor|screenwriter,
Q975609,male,United States,wind instrument player|recording artist|jazz musician|trumpeter|film score composer|musician|songwriter|bandleader|composer,
Q976174,male,Australia,tennis player,
Q976418,male,Syria,Catholic bishop|Catholic priest,
Q976971,male,United Kingdom,anthropologist|sociologist|political scientist|university teacher,
Q977136,male,Kingdom of the Netherlands,association football player|association football coach,
Q978480,male,Italy,sport cyclist,
Q978570,male,Italy,association football player,
Q980161,male,Argentina,association football player|association football coach,
Q981234,male,France,film actor|film director|television actor|screenwriter,
Q981256,male,France,novelist|film theorist|film screenwriter|film director|film critic|director|literary critic|journalist|writer|actor|screenwriter,
Q981315,male,France,film actor|pedagogue|actor,
Q981435,male,Iran|Pahlavi Iran,economist|politician,
Q981454,male,United States,university teacher|physicist,
Q981530,male,Slovakia|Czechoslovakia,film screenwriter|film director|director|visual artist|graphic artist|cinematographer|painter|camera operator|illustrator|screenwriter,
Q981598,male,Belgium,track cyclist|sport cyclist,
Q994115,male,France,poet|essayist|editing staff|university teacher|translator|editor-in-chief,
Q97357641,male,Azerbaijan,military personnel,
Q9682,female,United Kingdom,monarch,
Q981647,male,United States,film actor|dub actor|television actor|voice actor|actor,
Q981877,male,Poland,association football player|association football coach,
Q982109,male,India|British Raj,administrator|geneticist|agronomist|politician,
Q982166,male,Japan|Empire of Japan,journalist|association football player,
Q982241,,,,
Q982244,male,Ireland,soldier|accountant|military officer|mercenary|military personnel|writer,
Q982732,male,Spain,association football player|association football coach,
Q982878,male,Italy|Kingdom of Italy,film screenwriter|film director|lyricist|screenwriter,
Q982982,female,Germany|Nazi Germany|German Democratic Republic|Weimar Republic,film actor|stage actor|actor,
Q983267,male,Italy|Kingdom of Italy,association football player|association football coach,
Q983493,male,United States|France,biophysicist|inventor|entrepreneur|physicist|physician,
Q983505,male,Russia|Soviet Union,statesperson|politician,
Q983583,male,Czech Republic|Czechoslovakia,banker|economist|politician,
Q983981,male,United States,media consultant|television producer|businessperson|politician,
Q984438,male,Italy|Kingdom of Italy,film actor|stage actor|television actor|actor,
Q984486,male,Syria|Second Syrian Republic|United Arab Republic,singer|composer|actor,
Q991778,male,Poland,association football player|association football coach,
